Hache Ériphe|Hache|Niv. 200
Pelle de la Cour Sombre|Pelle|Niv. 200
Épée de la Reine des Voleurs|Épée|Niv. 200
Sabres d'Atcham|Épée|Niv. 200
Sceptre du Roi Joueur|Bâton|Niv. 200
Lance corrompue|Bâton|Niv. 200
Arc corrompu|Arc|Niv. 200
Crocobur|Épée|Niv. 200
Plume de Buhorado|Arc|Niv. 200
Spatule Tranche-Gourmands|Pelle|Niv. 200
Hachebarde de Guerre|Hache|Niv. 200
Dagues Érhy|Dague|Niv. 200
Dagues de Srambad|Dague|Niv. 200
Baguette des égarés|Baguette|Niv. 200
Hache du Chalœil|Hache|Niv. 200
Bâthon|Bâton|Niv. 200
Baguette Range|Baguette|Niv. 200
Harpelle|Pelle|Niv. 200
Héqache|Hache|Niv. 200
Pelle de Katrepat|Pelle|Niv. 200
Dagues d'Ilyzaelle|Dague|Niv. 200
Baguette Héroclite|Baguette|Niv. 200
Pelle de Nidas|Pelle|Niv. 200
Plumeau Bil|Hache|Niv. 200
Arc de Koutoulou|Arc|Niv. 200
Manthache|Hache|Niv. 200
Dagoulinantes|Dague|Niv. 200
Marteau de Katrepat|Marteau|Niv. 200
Épée Brûlâme|Épée|Niv. 200
Lance Horselé|Bâton|Niv. 200
Bêche de Corruption|Pelle|Niv. 200
Faux Nème|Faux|Niv. 200
Arc de Wulan|Arc|Niv. 200
Hache Euvale|Hache|Niv. 200
Arc Honte|Arc|Niv. 200
Baguette de Malléfisk|Baguette|Niv. 200
Marteau des égarés|Marteau|Niv. 200
Arc du Chalœil|Arc|Niv. 200
Épouvante|Épée|Niv. 200
Pyraguette|Baguette|Niv. 200
Baguette de Torkélonia|Baguette|Niv. 200
Faux Nétik|Faux|Niv. 200
Maillet Pitaf|Marteau|Niv. 200
Faux Maudite du Saigneur Guerrier|Faux|Niv. 200
Epée Maudite du Saigneur Guerrier|Épée|Niv. 200
Épée du Granduk|Épée|Niv. 200
Marteau Phossile|Marteau|Niv. 200
Arc Nécrotique|Arc|Niv. 200
Marteau R'ture|Marteau|Niv. 200
Lav'Hache|Hache|Niv. 200
Massier|Marteau|Niv. 200
Arc Volkorne|Arc|Niv. 200
Balance-Fléau de Misère|Baguette|Niv. 200
Kanji Jirark|Arc|Niv. 200
Baguette Imologie|Baguette|Niv. 200
Epée Gloursonne|Épée|Niv. 199
Masse Ossiale|Marteau|Niv. 199
Pelle Vice|Pelle|Niv. 199
Dagues Ricol|Dague|Niv. 198
Bâtonnet Ronien|Baguette|Niv. 198
Dague Hirr|Dague|Niv. 197
Canne Harr|Bâton|Niv. 197
Bâton Beau|Bâton|Niv. 197
Rapière aux Glyphes|Épée|Niv. 197
Marteau des Anciens Steamers|Marteau|Niv. 197
Pelle Fik|Pelle|Niv. 197
Bêche Asse|Pelle|Niv. 197
Epée Toche|Épée|Niv. 196
Épée d'Otomaï|Épée|Niv. 196
Arc Ahique|Arc|Niv. 196
Bâton Brageut|Bâton|Niv. 195
Marteau du Glouragan|Marteau|Niv. 195
Hachoirs de Viandargh|Dague|Niv. 195
Hache Téroïde|Hache|Niv. 194
Rouleau à Pâtisserie d'Aermyne|Bâton|Niv. 194
Baguette Hique|Baguette|Niv. 193
Marteau d'Henual|Marteau|Niv. 193
Hache Rot|Hache|Niv. 192
Grésilosceptre|Bâton|Niv. 192
Bâton Champmanique|Bâton|Niv. 191
Pelle Emélaka|Pelle|Niv. 191
Pelle du Professeur Xa|Pelle|Niv. 191
Hache du Korriandre|Hache|Niv. 188
Bâton Brelle|Bâton|Niv. 188
Couteaux à Champignons|Dague|Niv. 187
Marteau Reine|Marteau|Niv. 187
Baguette Hernelle|Baguette|Niv. 187
Rhizome du Tynril|Bâton|Niv. 186
Az'tech|Épée|Niv. 186
Arc Oleptik|Arc|Niv. 185
Hache Hélème|Hache|Niv. 185
Arc Hétype|Arc|Niv. 184
Epée Loponèze|Épée|Niv. 184
Epée Kari|Épée|Niv. 184
Dagues Açantes|Dague|Niv. 183
Arc à Lamelles|Arc|Niv. 183
Lame Assacre|Dague|Niv. 182
Pelle Vétik|Pelle|Niv. 181
Ougarteau|Marteau|Niv. 180
Baguetterelle|Baguette|Niv. 180
Kukri Kura|Épée|Niv. 179
Pelle Dorado|Pelle|Niv. 178
Marteau Minokers|Marteau|Niv. 178
Epée Kadille|Épée|Niv. 177
Baguette Nolog|Baguette|Niv. 177
L'Épée Nice|Épée|Niv. 177
Dagues Imauve|Dague|Niv. 176
Rod Gerse|Bâton|Niv. 176
Arc Ontanporin|Arc|Niv. 175
Dague Adou|Dague|Niv. 175
Marteau Racle|Marteau|Niv. 173
Arc de Guten Tak|Arc|Niv. 173
Le Thanos|Bâton|Niv. 172
La Bêche à Mel|Pelle|Niv. 172
Dagues Eudin|Dague|Niv. 171
Baguette du Chêne Mou|Baguette|Niv. 171
Hache Achinecride|Hache|Niv. 170
L'Epée Rilleuse|Épée|Niv. 169
Bâton des Prophètes|Bâton|Niv. 169
Arc Tangente|Arc|Niv. 167
Marteau R'Gnole|Marteau|Niv. 166
Canne Hassukre|Bâton|Niv. 165
Épée de Ush|Épée|Niv. 165
Canne Hassukre Édulcorée|Bâton|Niv. 165
Youyettes|Dague|Niv. 164
Fuschia|Épée|Niv. 163
Baguette Hernuement|Baguette|Niv. 163
Hache Sueur Rance|Hache|Niv. 162
Bâton K'Tueuh|Bâton|Niv. 161
Épée Langue de Feu Réanimée|Épée|Niv. 160
Katana de Spiritueur|Épée|Niv. 160
Épée du Bretteur Céleste|Épée|Niv. 160
Épée Langue de Feu|Épée|Niv. 160
Bâton du Maître Zoth|Bâton|Niv. 158
Dagues Ruik|Dague|Niv. 158
Karnak|Épée|Niv. 158
Hache Harnée|Hache|Niv. 158
Hache à Lamelles|Hache|Niv. 157
Marteau de la Vigie Pirate|Marteau|Niv. 156
Pelle Aigante|Pelle|Niv. 155
Hache Haimenu|Hache|Niv. 154
Bâton du Harpirate|Bâton|Niv. 154
Hache du Fancrôme|Hache|Niv. 153
Sabre de Ben le Ripate|Épée|Niv. 152
Sceptre du Minotot|Bâton|Niv. 151
Marteau du Juge Lou|Marteau|Niv. 151
Dagues Lassay|Dague|Niv. 150
Musamune|Épée|Niv. 150
Bâton de Zatoïshwan|Bâton|Niv. 150
Baguette de Frigostine|Baguette|Niv. 149
Kriss Toubal|Dague|Niv. 149
Marteau Bleuronne|Marteau|Niv. 148
Pelle Tonedjone|Pelle|Niv. 147
Arc à Chon|Arc|Niv. 147
La Xyothine|Baguette|Niv. 145
Griffe Pourpre|Épée|Niv. 145
Sabre Heutelle|Épée|Niv. 144
Racine de Floribonde|Bâton|Niv. 144
Le Sabre Ayassalama|Épée|Niv. 143
Racine Cithi|Bâton|Niv. 143
Dagues Réceuses|Dague|Niv. 143
Arc Hisedaisange|Arc|Niv. 142
Pelle Rhon|Pelle|Niv. 142
Éventails de Shihan|Dague|Niv. 142
Bâton de Hanshi|Bâton|Niv. 142
Marteau Lahre|Marteau|Niv. 141
Bâton du Chêne Mou|Bâton|Niv. 140
Marteau Mawoque|Marteau|Niv. 140
Hache du Guerrier Zoth|Hache|Niv. 139
Kalypsoton|Bâton|Niv. 139
Baguette Iots|Baguette|Niv. 138
Poolache|Hache|Niv. 137
Pelle Shattkitou|Pelle|Niv. 136
Racine de Fécorce|Bâton|Niv. 136
Marteau Pinière|Marteau|Niv. 135
Les Dagues du Bouwin|Dague|Niv. 134
Baguette du Grand Glucid|Baguette|Niv. 134
La Canne Bière|Bâton|Niv. 133
Baguette Bainkuite|Baguette|Niv. 132
Branche de l'Abrakleur clair|Baguette|Niv. 132
Marteau de la Gamine Zoth|Marteau|Niv. 132
Pelle à Gâteau|Pelle|Niv. 131
Glaive Icération|Épée|Niv. 130
Arc Lavoine|Arc|Niv. 130
Bâton du Shamansot|Bâton|Niv. 130
Dagues Cacterre|Dague|Niv. 130
Kwache|Hache|Niv. 130
Kelinobranche|Bâton|Niv. 129
Arc Chtelion|Arc|Niv. 129
Marteau Xiko|Marteau|Niv. 129
Le Fendoir Tichaud|Hache|Niv. 128
Dagues du Dragoeuf|Dague|Niv. 128
Baguette Gyver|Baguette|Niv. 128
Pelle Dragoeuf|Pelle|Niv. 127
Epée du Dragoeuf|Épée|Niv. 127
Baguette Ourderie|Baguette|Niv. 127
Sertisseur de Ramougre|Dague|Niv. 127
Epée du Dark Vlad|Épée|Niv. 126
Nun-Charang|Bâton|Niv. 126
Marteau Hubohu|Marteau|Niv. 126
Hache du Dragoeuf|Hache|Niv. 126
Bâton Fracass|Bâton|Niv. 126
Masse du Corailleur Magistral|Marteau|Niv. 125
Baguette Houalle|Baguette|Niv. 125
Jakchir Arc|Arc|Niv. 124
Bâton du Dragoeuf|Bâton|Niv. 124
Couteau de Mer|Dague|Niv. 124
Marteau Ksain|Marteau|Niv. 124
Baguette du Dragoeuf|Baguette|Niv. 124
Arc Huledela|Arc|Niv. 123
Marteau du Dragoeuf|Marteau|Niv. 123
Mourtheau|Marteau|Niv. 122
Kask'Arc Go|Arc|Niv. 122
Pelle Hikule|Pelle|Niv. 121
Dagues R'Hoh|Dague|Niv. 121
Arc Rainier|Arc|Niv. 121
Katana de la Flamme|Épée|Niv. 120
Katana de la Feuille|Épée|Niv. 120
Katana de la Tempête|Épée|Niv. 120
Marteau R'Ticolis|Marteau|Niv. 120
La Racine Hagogue|Bâton|Niv. 120
Bâton de Sangroku|Bâton|Niv. 120
Arc Hanne|Arc|Niv. 120
Katana de la Marée|Épée|Niv. 120
Katana de la Roche|Épée|Niv. 120
Tige du Brouture|Bâton|Niv. 119
Dague Régah|Dague|Niv. 119
Pelle du Mineur Sombre|Pelle|Niv. 118
Arc du Dragoeuf|Arc|Niv. 118
Baguette d'Elya Wood|Baguette|Niv. 117
Marteau Kahr|Marteau|Niv. 117
La Hache Menbien|Hache|Niv. 116
La Racine Cinati|Bâton|Niv. 116
Pelle Moh|Pelle|Niv. 115
Arc du Chafer Archer|Arc|Niv. 115
Marteau Ridhe|Marteau|Niv. 114
Bâton des Caraïbes|Bâton|Niv. 114
Amrothiline|Baguette|Niv. 113
Dagues de l'Apprenti Tueur de Bouftons|Dague|Niv. 113
Dagues Rhumes|Dague|Niv. 113
Marteau Nairedeubrest|Marteau|Niv. 113
Marteau de boisaille fortifié|Marteau|Niv. 112
Baguette Houffe-Craitien|Baguette|Niv. 112
Arc Chitecte|Arc|Niv. 111
Griffe de Grizmine|Épée|Niv. 111
La Hache Ticot|Hache|Niv. 110
Bâton en bambou spirituel|Bâton|Niv. 110
Bâton de Marie Aigue|Bâton|Niv. 109
Epée du Rat Blanc|Épée|Niv. 109
Hache du Minotoror|Hache|Niv. 109
Dagues du Rat Noir|Dague|Niv. 108
Marteau M'Pouce|Marteau|Niv. 107
Arc de Flèche Mauve|Arc|Niv. 107
Le Bâton Cloutay|Bâton|Niv. 107
Clef à Molette|Pelle|Niv. 106
Racine Sémilla|Bâton|Niv. 106
La Baguette des Limbes|Baguette|Niv. 105
Baguette Rhon|Baguette|Niv. 105
Razoir du Soir|Épée|Niv. 105
Arc Lequin|Arc|Niv. 104
Marteau Ronto|Marteau|Niv. 104
Marteau de Moon|Marteau|Niv. 103
Racine Hécouanone|Bâton|Niv. 103
Fourbasse-Ton|Bâton|Niv. 102
Baguette Nah|Baguette|Niv. 102
Râtrouille|Pelle|Niv. 102
Racine Hécure|Bâton|Niv. 101
Dagues Maydhyn China|Dague|Niv. 100
Patte d'Ecaflip|Épée|Niv. 100
Patte d'Ecaflip|Épée|Niv. 100
Patte d'Ecaflip|Épée|Niv. 100
Marteau Réhadaure|Marteau|Niv. 100
Patte d'Ecaflip|Épée|Niv. 100
Patte d'Ecaflip|Épée|Niv. 100
Patte d'Ecaflip|Épée|Niv. 100
Patte d'Ecaflip|Épée|Niv. 100
Lame du Chef Bwork|Épée|Niv. 100
Patte d'Ecaflip|Épée|Niv. 100
Inferno|Épée|Niv. 100
Styx|Pelle|Niv. 100
Mandrin|Marteau|Niv. 100
Will Killson|Dague|Niv. 100
Arc Assin|Arc|Niv. 100
Patte d'Ecaflip|Épée|Niv. 100
Patte d'Ecaflip|Épée|Niv. 100
Griffe Rose|Épée|Niv. 100
Patte d'Ecaflip|Épée|Niv. 100
Patte d'Ecaflip Parfaite|Épée|Niv. 100
Neuf Queues|Épée|Niv. 99
Halle de Barde|Hache|Niv. 99
Hache du Yondanwa|Hache|Niv. 98
Canne de Mamie Bonbon|Bâton|Niv. 98
Branche de l'Abrakleur sombre|Baguette|Niv. 97
Epée Doncule|Épée|Niv. 97
Hache de Lookabeer|Hache|Niv. 96
Arc Anum|Arc|Niv. 96
Baguette Velue|Baguette|Niv. 95
Fausse Griffe de Ceangal|Épée|Niv. 95
Pelle Hébuse|Pelle|Niv. 94
Bâton du Féca|Bâton|Niv. 94
Fendeuse d'Abraknyde Ancestral|Hache|Niv. 93
Bâton du Yondanwa|Bâton|Niv. 93
Sabre Yondanwa|Épée|Niv. 92
Dague Rafeuse|Dague|Niv. 91
Dague Lutination|Dague|Niv. 90
Baguette Irréelle|Baguette|Niv. 90
Arc de Mech Riorraw|Arc|Niv. 90
Marteau de la Terps|Marteau|Niv. 90
Hache de Dame Oise|Hache|Niv. 89
Arc du Sram Archer|Arc|Niv. 89
Pelle Mairhe|Pelle|Niv. 88
Racine Huzohide|Bâton|Niv. 88
Pelle Rinage|Pelle|Niv. 88
Bâton de Daïgoro|Bâton|Niv. 88
Vouge à Poisson|Hache|Niv. 87
Arc Chiduc|Arc|Niv. 87
Abraton Sombre|Bâton|Niv. 87
Racine Histre|Bâton|Niv. 86
La Pelle Hélabète|Pelle|Niv. 86
Racine Horodon|Bâton|Niv. 86
Bâton du Maître des Bouftous|Bâton|Niv. 85
Pic à Glace|Épée|Niv. 85
Masse du Corailleur|Marteau|Niv. 85
La Bastonneuze|Bâton|Niv. 85
Francisque Basquaise|Hache|Niv. 84
La Migraine|Baguette|Niv. 84
Pelle Vaidaire|Pelle|Niv. 84
Hache Terrdala|Hache|Niv. 83
Marteau Mato|Marteau|Niv. 83
La Thor-Boyaux|Dague|Niv. 83
Daguette du Captain Chafer|Dague|Niv. 83
Baguette Molle|Baguette|Niv. 83
Sabre Sandanwa|Épée|Niv. 83
Hache du Sandanwa|Hache|Niv. 83
Kaiser|Marteau|Niv. 82
Arc Ange|Arc|Niv. 82
Marteau Nitruhant|Marteau|Niv. 82
Marteau Fantal|Marteau|Niv. 81
Baguette Hincelle|Baguette|Niv. 81
Marteau du Craqueleur Légendaire|Marteau|Niv. 81
Hachette Savante|Hache|Niv. 81
Geish'Arc|Arc|Niv. 81
Marteau à Torts|Marteau|Niv. 81
Bâton d'Aga Dou|Bâton|Niv. 81
Lames Sanglantes D'Ortimus Contrari|Dague|Niv. 80
La Pelle du Large|Pelle|Niv. 80
Baguette Affeulante|Baguette|Niv. 80
Masse Boulépique|Marteau|Niv. 80
Hache du Mantiscore|Hache|Niv. 80
Dagues Hischantes|Dague|Niv. 80
Hache Eulouh|Hache|Niv. 80
Arc Boutant|Arc|Niv. 80
Bâton de Shika|Bâton|Niv. 80
Marteau des Falistos|Marteau|Niv. 79
Le Kikoularc|Arc|Niv. 79
Bardiche du Milicien|Hache|Niv. 78
Baguette de Kouartz|Baguette|Niv. 78
Bâton du Sandanwa|Bâton|Niv. 77
Kidorteau|Marteau|Niv. 77
Bâton de Farle|Bâton|Niv. 76
Sabre Feudala|Épée|Niv. 76
Eventail Tranchant|Épée|Niv. 75
Baguette Helles|Baguette|Niv. 75
La Bidjiz|Baguette|Niv. 74
Fendeuse d'Abraknyde|Hache|Niv. 74
Chakra Style|Dague|Niv. 73
Bâton du Koulosse|Bâton|Niv. 73
Epée Zervatif|Épée|Niv. 73
Ares|Pelle|Niv. 72
Arc du Roi des Borins|Arc|Niv. 72
Baguette Meneuse|Baguette|Niv. 71
Pelle Gicque|Pelle|Niv. 71
Marteau Pospodrol|Marteau|Niv. 70
Epée Cerp'Teurh'|Épée|Niv. 70
Dague Ho'Rille'|Dague|Niv. 70
Arc Ko'Neun'|Arc|Niv. 70
Baguette Euh'Laille'Fe'|Baguette|Niv. 70
Arc du Pêcheur|Arc|Niv. 70
Lame du Chef Crocodaille|Épée|Niv. 70
Pelle Minstère|Pelle|Niv. 70
Pelle Hi'Sé'Moun'|Pelle|Niv. 70
Marteau Ni'Hok'|Marteau|Niv. 70
Hache Per'Ge'|Hache|Niv. 70
Bâton Lap'Louz'|Bâton|Niv. 70
Bagdette Café|Baguette|Niv. 69
Griffettes|Dague|Niv. 69
Kryst O'Boul|Bâton|Niv. 68
La Griffe Aiguisée|Épée|Niv. 68
Dagues Fourbesques|Dague|Niv. 67
Dagues Ruyère|Dague|Niv. 67
Baguette en Racine d'Abraknyde Sombre|Baguette|Niv. 67
God Rod|Bâton|Niv. 67
Ragnarok|Marteau|Niv. 66
Pelle Ripe|Pelle|Niv. 66
Coupeuse de Sifflet|Hache|Niv. 66
Sabre Nidanwa|Épée|Niv. 66
Trancheuse de Partie|Hache|Niv. 66
Pieu Vampirique|Baguette|Niv. 65
Le Cutter|Épée|Niv. 64
Blessdags|Dague|Niv. 64
Pelle Woukuis|Pelle|Niv. 64
Balgourde des Clairettes|Baguette|Niv. 63
Baguette Hylique|Baguette|Niv. 63
Bâton du Nidanwa|Bâton|Niv. 62
Boulgourde des Clairières|Hache|Niv. 62
Dagues Aerdala|Dague|Niv. 62
Hache Ebbah|Hache|Niv. 62
Arc du Koalak|Arc|Niv. 61
Découpeuse de Kralamoure|Épée|Niv. 61
Sceptre Zor|Bâton|Niv. 61
Bâton des Rois|Bâton|Niv. 60
Dague Haih'Ri'Don'|Dague|Niv. 60
Marteau Bo'Gan'|Marteau|Niv. 60
Bâton Lav'Heur'|Bâton|Niv. 60
Pelle Sécutrice|Pelle|Niv. 60
Découpeuse de Yench|Épée|Niv. 60
Pelle Rail'Zeur'|Pelle|Niv. 60
Arc Heub'Huz'|Arc|Niv. 60
Baguette Ta'Lay'|Baguette|Niv. 60
Hache Hev'Leu'|Hache|Niv. 60
Pelle Mechba|Pelle|Niv. 60
La Zulie Lame|Épée|Niv. 60
Bâton du Wobot|Bâton|Niv. 60
Bâton du Wa Wabbit|Bâton|Niv. 60
Epée Rnoh'Hel'|Épée|Niv. 60
Le Tison Fûté|Baguette|Niv. 59
Hache du Nidanwa|Hache|Niv. 59
Baguette du Scarabosse Doré|Baguette|Niv. 59
Bâton du Bwork Mage|Bâton|Niv. 58
Xaveur|Arc|Niv. 58
Le Tronknydum|Arc|Niv. 57
Bâton de Piggy Paupe|Bâton|Niv. 57
Hache Darsson|Hache|Niv. 57
Marteau Polpoulette|Marteau|Niv. 57
Arc de Cristal|Arc|Niv. 56
Bâton du Maître des Tofus|Bâton|Niv. 56
Kwakwalame|Épée|Niv. 56
Lame de Fon|Dague|Niv. 56
Baguette d'Houvette|Baguette|Niv. 55
Pelle Zébuth|Pelle|Niv. 55
Marteau Réfacteur|Marteau|Niv. 55
Arc de Kuri|Arc|Niv. 55
Hache du Mulou|Hache|Niv. 55
Hook|Bâton|Niv. 55
Marteau Re'Thu|Marteau|Niv. 55
Epée d'Ougicle|Épée|Niv. 55
Hache de Brèche|Hache|Niv. 54
Le Matronome|Marteau|Niv. 54
Marteau de Mirh|Marteau|Niv. 54
Racine Sauvageonne|Bâton|Niv. 54
Dagues d'Hichète|Dague|Niv. 54
Cruelle Pelle-Truelle|Pelle|Niv. 53
Bâton du Kanigrou|Bâton|Niv. 53
Baguette de Kloug|Baguette|Niv. 53
Razielle|Épée|Niv. 52
Pelle Doudesque|Pelle|Niv. 52
Pelle Musicale|Pelle|Niv. 52
Etoile du soir|Épée|Niv. 52
Baguette d'Eglise|Baguette|Niv. 52
Arc de Boo|Arc|Niv. 52
Marteau de Klüme|Marteau|Niv. 51
Bâton de Logram|Bâton|Niv. 51
Baguette des Cieux|Baguette|Niv. 51
Hache de Pierre|Hache|Niv. 51
Masse Aj Taye|Marteau|Niv. 51
Dague Hi'Mov'|Dague|Niv. 50
Pelle Ag'Heuze'|Pelle|Niv. 50
Pelle de Stroud émoussée|Pelle|Niv. 50
Bâton-Boule de Voyante|Bâton|Niv. 50
Pelle Ikan|Pelle|Niv. 50
Epée Dal'Douss'|Épée|Niv. 50
Marteau Reuh'Deuh'Piz'|Marteau|Niv. 50
Baguette Han'Dar'|Baguette|Niv. 50
Bâton de Karotz|Bâton|Niv. 50
Épée Glutine de Nowel|Épée|Niv. 50
Épée Nécronyx|Épée|Niv. 50
Baguette Deuh-Pain|Baguette|Niv. 50
Arc Tar'Huss'|Arc|Niv. 50
Hache Pi'Veuh'Nin'|Hache|Niv. 50
Bâton Boh'La'|Bâton|Niv. 50
Bâton du Manitou Zoth|Bâton|Niv. 50
Pelle Melle|Pelle|Niv. 50
Baguette Ni'Ninnin|Baguette|Niv. 50
Marteau Pinambour|Marteau|Niv. 50
L'Arc à Hick|Arc|Niv. 49
Epée Tillante|Épée|Niv. 49
Marteau Tape Doigts|Marteau|Niv. 49
Marteau Outar|Marteau|Niv. 48
L'Hyldegarde|Baguette|Niv. 48
Arc dit Kéha, version standard|Arc|Niv. 47
Hache d'Hulkrap|Hache|Niv. 47
Elagueuse de Charme|Hache|Niv. 47
Sceptre du Kanniboul Ebil|Bâton|Niv. 47
Bâton d'Haku|Bâton|Niv. 47
Arc des Rivages|Arc|Niv. 46
Bâton du Shodanwa|Bâton|Niv. 46
Dagues Honies|Dague|Niv. 46
Dagues Eurfolles|Dague|Niv. 46
Le Twote en Carton|Marteau|Niv. 46
Corbalame|Épée|Niv. 45
Abraton|Bâton|Niv. 45
Dague de Grouillot|Dague|Niv. 45
Lame d'Ogralimde|Épée|Niv. 45
Baguette à Pans|Baguette|Niv. 45
Dagues Aj'Deh'Là|Dague|Niv. 44
Epée de Traçon|Épée|Niv. 44
Bâton de Gobeuf|Bâton|Niv. 43
Bâton Akwadala|Bâton|Niv. 43
Marteau du Chafer Draugr|Marteau|Niv. 43
Masse Tmosfer|Marteau|Niv. 43
Pelle de Bois Dormant|Pelle|Niv. 43
Baguette Sylvien|Baguette|Niv. 43
Baguette Cetera|Baguette|Niv. 43
Arc de Kubitus|Arc|Niv. 43
Elagueuse d'Oliviolet|Hache|Niv. 42
Pioche de Grizou|Pioche|Niv. 41
Arc à Poulie Sciée|Arc|Niv. 41
Epée de Rekto Topi|Épée|Niv. 41
Kwaklame de Flammes|Épée|Niv. 41
Kwaklame de Terre|Épée|Niv. 41
Marteau du Boufcoul|Marteau|Niv. 41
Epée de Grüt|Épée|Niv. 41
Epée de Kalkanéus|Épée|Niv. 41
Couteau à Stek|Dague|Niv. 41
Kwaklame de Glace|Épée|Niv. 41
Kwaklame du Vent|Épée|Niv. 41
Epée de Kocksis|Épée|Niv. 41
Arc de Laikteur|Arc|Niv. 41
Rhizome Doré|Pelle|Niv. 40
Bâton de Dina, dit 'le Mythe'|Bâton|Niv. 40
Epée Hi'Zan'|Épée|Niv. 40
Epée de Rapiat|Épée|Niv. 40
Baguette Rikiki|Baguette|Niv. 40
Goultard|Épée|Niv. 40
Sabre Shodanwa|Épée|Niv. 40
Dague Hi'Bol'|Dague|Niv. 40
Baguette Stror'Di'Ner'|Baguette|Niv. 40
Bâton Bouk'Tou'|Bâton|Niv. 40
Dagues Cruelles d'Elorie Entuwan|Dague|Niv. 40
Dagues Eulasse|Dague|Niv. 40
Baguette Larvesque|Baguette|Niv. 40
Marteau Mah'Turj'|Marteau|Niv. 40
Arc Hord'Eon'|Arc|Niv. 40
Kamapêche|Outil|Niv. 40
Bâton du Tabi|Bâton|Niv. 40
Arc Hidsad|Arc|Niv. 40
Hache Pira'Teur'|Hache|Niv. 40
Bâton Tont'Ata|Bâton|Niv. 40
Scalpel de Bworknroll|Dague|Niv. 40
Gigantesque pierre d'âme parfaite|Pierre d'âme|Niv. 40
Pelle Ass'Tik'|Pelle|Niv. 40
Abrarc|Arc|Niv. 39
Coupeuse de Bombu|Hache|Niv. 39
Dagues Aiguisées|Dague|Niv. 39
Arc en Corne de Bouftou|Arc|Niv. 38
Bâton Dakn|Bâton|Niv. 37
Lame du Craqueleur|Épée|Niv. 37
Hache du Shodanwa|Hache|Niv. 36
Corde d'Ivan Nowé|Arc|Niv. 36
Le Scrounnchhh|Marteau|Niv. 35
Epée Cassée du Chevalier Malchanceux|Dague|Niv. 35
Hache Heuvante|Hache|Niv. 35
Bâton de fausse magie|Bâton|Niv. 35
Daguette|Baguette|Niv. 35
Marteau Toh'Lo|Marteau|Niv. 35
La Griffe|Épée|Niv. 35
Bâton du Maître des Tabis|Bâton|Niv. 34
Dagues Ancestrales|Dague|Niv. 34
Abraknydi Vivitus|Bâton|Niv. 34
Pelle de Koutoulou|Pelle|Niv. 34
Tueuse de Chênes|Hache|Niv. 33
Epée de Phong Huss|Épée|Niv. 33
Baguette en Racine d'Abraknyde|Baguette|Niv. 33
Arc Ecologique|Arc|Niv. 33
Les Lames en Table|Dague|Niv. 33
La crinière de Badoul|Épée|Niv. 33
Fendeuse de Merisier|Hache|Niv. 32
Bâton du Grand Pa Wabbit|Bâton|Niv. 32
Pelle Teuze|Pelle|Niv. 31
La Corde de Yamato|Arc|Niv. 31
Epée Royale du Bouftou|Épée|Niv. 30
Dague Hi'Don'|Dague|Niv. 30
Bâton du bandit baroudeur|Bâton|Niv. 30
Arc du Xueluom|Arc|Niv. 30
Bâton Carnivore|Bâton|Niv. 30
Baguette du bandit ensorceleur|Baguette|Niv. 30
Bouquet de Roses démoniaques|Épée|Niv. 30
Arc de Jeanne|Arc|Niv. 30
Le Rasoir Infernal|Dague|Niv. 30
Dagues Tylo|Dague|Niv. 30
Baguette Hoh'|Baguette|Niv. 30
Arc du bandit archer|Arc|Niv. 30
Bâton en Racine d'Abraknyde|Bâton|Niv. 30
Baguette Heure|Baguette|Niv. 30
Dagues O'Bert|Dague|Niv. 30
Grande pierre d'âme parfaite|Pierre d'âme|Niv. 30
Pelle Rin'|Pelle|Niv. 30
Bâton Bah'Pik'|Bâton|Niv. 30
Epée du bandit fine-lame|Épée|Niv. 30
Marteau d'Hectaupe|Marteau|Niv. 30
Marteau R'unique|Marteau|Niv. 30
Bâton d'Oubli|Bâton|Niv. 30
Epée Ta'Rad'|Épée|Niv. 30
Marteau Le'Stoye'|Marteau|Niv. 30
Arc Plass'Tik'|Arc|Niv. 30
Hache Hich'Ke'Bab'|Hache|Niv. 30
Bâton de Rapine|Bâton|Niv. 30
Bâton Cornu|Bâton|Niv. 29
Bashers|Dague|Niv. 29
Pelle du Craqueleur|Pelle|Niv. 29
Baguette d'Intelligence|Baguette|Niv. 29
La Lance à un "110"|Bâton|Niv. 29
Francisque à Brêles|Hache|Niv. 28
Nomoon|Arc|Niv. 28
Arc de Triomphe|Arc|Niv. 27
Lame du Chafer|Épée|Niv. 27
Baguette Rangleuse|Baguette|Niv. 27
Sargasse|Marteau|Niv. 27
Agride|Hache|Niv. 27
Dagues Sylvestres|Dague|Niv. 27
Baguette de Sagesse|Baguette|Niv. 27
Epée du Chevalier|Épée|Niv. 26
Epée d'Alle|Épée|Niv. 26
Marteau de l'Aurore|Marteau|Niv. 26
La Trancheuse de Bambou|Hache|Niv. 26
Lame du Bwork|Épée|Niv. 26
Mangeuse d'Erable|Hache|Niv. 25
Queues de Chatons|Dague|Niv. 25
La Klebik|Épée|Niv. 25
Arc en Racine d'Abraknyde|Arc|Niv. 25
Baguette du Tofu|Baguette|Niv. 25
Masse d'Ha|Marteau|Niv. 24
Arc Buse|Arc|Niv. 24
Pelle à Thart'|Pelle|Niv. 24
Barabas|Marteau|Niv. 23
Marteau Tau|Marteau|Niv. 23
Le Tranchant Infernal|Épée|Niv. 22
Arc Hancihaile|Arc|Niv. 22
Hache Huré|Hache|Niv. 22
Trancheuse de Noyer|Hache|Niv. 21
Pelle Houze|Pelle|Niv. 21
Le Marteau du Chafer|Marteau|Niv. 21
La Triste Lame|Épée|Niv. 21
La Queue Infernale|Épée|Niv. 21
Barbe Grise|Pelle|Niv. 20
La Canne Hête|Bâton|Niv. 20
Marteau du Bouftou|Marteau|Niv. 20
Moyenne pierre d'âme parfaite|Pierre d'âme|Niv. 20
L'Ergot Mina|Dague|Niv. 20
Pelle en Mousse|Pelle|Niv. 20
Baguette de Liriel|Baguette|Niv. 20
Arc du Bwork Archer|Arc|Niv. 20
Bâton de l'Homme Ours|Bâton|Niv. 20
Epée du Chevalier de Glace|Épée|Niv. 20
Marteau d'Ivoire|Marteau|Niv. 19
Arc Déroutant|Arc|Niv. 19
Pelle de Rapage|Pelle|Niv. 19
Koupe-koupe|Épée|Niv. 18
Marteau Pickeur|Marteau|Niv. 18
Epée d'Ha|Épée|Niv. 17
Faux usée du Paysan|Faux|Niv. 17
Pelle de Crapouille|Pelle|Niv. 17
Trancheuse d'If|Hache|Niv. 17
Epée Sacrée|Épée|Niv. 17
Dagues de Croclage|Dague|Niv. 17
Cerberus|Marteau|Niv. 16
Bâton Spirituel|Bâton|Niv. 16
Lame du Chevaucheur de Karne|Épée|Niv. 16
Epée de Fouraille|Épée|Niv. 15
Hache Térophyle|Hache|Niv. 15
Marteau de Raclage|Marteau|Niv. 15
Maillet Aclou|Marteau|Niv. 15
La Plantouze des Champs|Bâton|Niv. 15
Pelle des Champs|Pelle|Niv. 15
La Queue|Épée|Niv. 13
Dagues de Fouraille|Dague|Niv. 13
Faux de Farle Ingalsse|Faux|Niv. 13
Arc Holic|Arc|Niv. 13
Bâton de Bouftier|Bâton|Niv. 12
Hache Vôr'Om|Hache|Niv. 12
Baguette de l'initié|Baguette|Niv. 12
Dagues de l'initié|Dague|Niv. 12
Leurnettes|Dague|Niv. 12
Marteau de l'initié|Marteau|Niv. 12
Hache de l'initié|Hache|Niv. 12
Bâton Feuillu|Bâton|Niv. 12
Bâton de l'initié|Bâton|Niv. 12
Arc de l'initié|Arc|Niv. 12
Pelle de l'initié|Pelle|Niv. 12
Épée de l'initié|Épée|Niv. 12
Dagues du Bandit|Dague|Niv. 12
La Trancheuse d'Arakne|Hache|Niv. 11
Baguette de Glace|Baguette|Niv. 11
Arc Sifflant|Arc|Niv. 11
Baguette de Feu Follesque|Baguette|Niv. 10
Arc de Mulic Bere|Arc|Niv. 10
Petite pierre d'âme parfaite|Pierre d'âme|Niv. 10
Bâton de Boisaille|Bâton|Niv. 9
Mangeuse de Châtaignier|Hache|Niv. 8
Bâton Kouyu|Bâton|Niv. 8
Mangeuse de Frêne|Hache|Niv. 8
Marteau de Hargnok|Marteau|Niv. 8
Arc de Boisaille|Arc|Niv. 7
Epée de Boisaille|Épée|Niv. 7
Dagues de Boisaille|Dague|Niv. 7
Pelle de Boisaille|Pelle|Niv. 6
Mauvaise Pioche|Pioche|Niv. 6
Marteau de Boisaille|Marteau|Niv. 6
Arc Hade|Arc|Niv. 5
Hachette Hévlalav|Hache|Niv. 5
Baguette de Boisaille|Baguette|Niv. 3
Marteau de Forgeur de Grattoir|Marteau|Niv. 2
Tailladeuse de Manche|Dague|Niv. 2
Hachette de Bûcheron|Hache|Niv. 1
Canne à Koinkoin|Outil|Niv. 1
Ciseaux à rose démoniaque|Outil|Niv. 1
Petite Pierre d'âme hasardeuse|Pierre d'âme|Niv. 1
Epée de Nowel|Épée|Niv. 1
Marteau Martel|Marteau|Niv. 1
Demi-Baguette|Baguette|Niv. 1
Couteau de Chasse|Dague|Niv. 1
Enorme Pierre d'âme heureuse|Pierre d'âme|Niv. 1
Epée de Yingnitié|Épée|Niv. 1
Epée de Yanguru|Épée|Niv. 1
Petite Pierre d'âme heureuse|Pierre d'âme|Niv. 1
Sublime Pierre d'âme|Pierre d'âme|Niv. 1
Flûte|Outil|Niv. 1
Hache Hémal|Hache|Niv. 1
Grande Pierre d'âme hasardeuse|Pierre d'âme|Niv. 1
Enorme Pierre d'âme hasardeuse|Pierre d'âme|Niv. 1
Moyenne Pierre d'âme heureuse|Pierre d'âme|Niv. 1
Giga Pierre d'âme heureuse|Pierre d'âme|Niv. 1
Sublime Pierre d'âme hasardeuse|Pierre d'âme|Niv. 1
Sublime Pierre d'âme heureuse|Pierre d'âme|Niv. 1
Enorme pierre d'âme parfaite|Pierre d'âme|Niv. 1
Gargantuesque pierre d'âme parfaite|Pierre d'âme|Niv. 1
Epée Tulante|Épée|Niv. 1
Pinceau|Outil|Niv. 1
Gants de Zrid|Outil|Niv. 1
Loupe|Outil|Niv. 1
Arc de Chasse|Arc|Niv. 1
Moyenne Pierre d'âme hasardeuse|Pierre d'âme|Niv. 1
Petite Pierre d'âme|Pierre d'âme|Niv. 1
Moyenne Pierre d'âme|Pierre d'âme|Niv. 1
Grande Pierre d'âme|Pierre d'âme|Niv. 1
Enorme Pierre d'âme|Pierre d'âme|Niv. 1
Grande Pierre d'âme heureuse|Pierre d'âme|Niv. 1
Giga Pierre d'âme hasardeuse|Pierre d'âme|Niv. 1
Giga Pierre d'âme|Pierre d'âme|Niv. 1
Pierre d'âme parfaite renforcée|Pierre d'âme|Niv. 1
