Potion Torboyo|Consommable|200
Coffre magistral|Consommable|200
Coffre de Kongoku|Consommable|200
Coffre de Machab le Sanguinaire|Consommable|200
Dragofesse de la Reine Amirukam|Consommable|200
Pain de Frostiz soufflé|Consommable|200
Poisskaille en Fricassée|Consommable|200
Serviette égarée|Consommable|200
Coffre de Gein|Consommable|200
Saucisse Fumée Fortifiante|Consommable|200
Coffre d'Atcham|Consommable|200
Mawki|Consommable|200
Baffeur du Roi Imagami|Consommable|200
Bouteille de Cocalane|Consommable|200
Boîte de fragments magistrale|Consommable|200
Bûche de Tremble|Consommable|200
Pain Ture|Consommable|200
Sushiwi|Consommable|200
Potion Étoilée|Consommable|200
Poisskaille Givré en Ragoût|Consommable|200
Saucisse Fumée|Consommable|200
Pain de Frostiz|Consommable|200
Poisskaille Givré en Fricassée|Consommable|200
Coffre de l'Hyperscampe|Consommable|200
Coffre de Voldelor|Consommable|200
Élixir uchronique|Consommable|200
Boule de painpier mâché|Consommable|200
Dragofesse du roi Nidas|Consommable|195
Baffeur de Dantinéa|Consommable|195
Dragofesse de Solar|Consommable|195
Mangeoire d'Anerice la Shushess|Consommable|195
Baffeur de Guerre|Consommable|195
Potion d'invocation de Percepteur|Consommable|195
Abreuvoir de Missiz Frizz|Consommable|195
Foudroyeur de Klime|Consommable|195
Baffeur de Sylargh|Consommable|195
Mangeoire de Sylargh|Consommable|195
Foudroyeur du Protozorreur|Consommable|195
Baffeur de Vortex|Consommable|195
Abreuvoir de Bethel Akarna|Consommable|195
Caresseur de Tal Kasha|Consommable|195
Foudroyeur de Servitude|Consommable|195
Abreuvoir de Merkator|Consommable|195
Foudroyeur du Comte Harebourg|Consommable|195
Baffeur de Nileza|Consommable|195
Dragofesse de Klime|Consommable|195
Caresseur de Merkator|Consommable|195
Mangeoire du Comte Harebourg|Consommable|195
Abreuvoir de Meno|Consommable|195
Foudroyeur de Dazak Martegel|Consommable|195
Dragofesse d'Ilyzaelle|Consommable|195
Dragofesse de Missiz Frizz|Consommable|195
Caresseur de Nileza|Consommable|195
Caresseur de la Reine des Voleurs|Consommable|195
Mangeoire du Chalœil|Consommable|195
Foudroyeur de Larve de Koutoulou|Consommable|195
Caresseur de Torkélonia|Consommable|195
Mangeoire de Misère|Consommable|195
Abreuvoir de Corruption|Consommable|195
Brioche Dorée|Consommable|190
Potion Raide Rêve|Consommable|190
Andouillette de Gibier|Consommable|190
Espadon Quichotte Poêlé|Consommable|190
Bûche de Bambou Sacré|Consommable|190
Espadon Poêlé|Consommable|190
Andouillette de Gibier Fortifiante|Consommable|190
Dragofesse d'Ombre|Consommable|185
Fiole de Chichala|Consommable|185
Dragofesse de Grolloum|Consommable|185
Foudroyeur du Kolosso|Consommable|185
Caresseur de Fuji Givrefoux|Consommable|185
Abreuvoir de Fuji Givrefoux|Consommable|185
Abreuvoir du Glourséleste|Consommable|185
Foudroyeur de Grolloum|Consommable|185
Dragofesse du Glourséleste|Consommable|185
Mangeoire du Kolosso|Consommable|185
Foudroyeur du Comte Razof|Consommable|185
Abreuvoir en Bambou Sacré|Consommable|180
Mangeoire en Bambou Sacré|Consommable|180
Boîte de fragments impressionnante|Consommable|180
Quenelle Tijan Fortifiante|Consommable|180
Baffeur en Bambou Sacré|Consommable|180
Dragofesse en Cuir de Maho Givrefoux|Consommable|180
Potion Revitalisante|Consommable|180
Fouée|Consommable|180
Tanche en Matelote|Consommable|180
Tanche Hantée en Matelote|Consommable|180
Coffre du Guerrier du K.O.|Consommable|180
Narkasseth Brumeuse|Consommable|180
Narkofret Onirique|Consommable|180
Narkofret Imaginaire|Consommable|180
Narkofret Brumeux|Consommable|180
Narkès Onirique|Consommable|180
Quenelle Tijan|Consommable|180
Coffre de Marie Ride|Consommable|180
Pain Tahde|Consommable|180
Narkasseth Imaginaire|Consommable|180
Narkofret Fantastique|Consommable|180
Narkès Fantastique|Consommable|180
Narkès Imaginaire|Consommable|180
Foudroyeur en Bambou Sacré|Consommable|180
Caresseur en Plume de Serpiplume|Consommable|180
Coffre impressionnant|Consommable|180
Coffre de Dremoan|Consommable|180
Potion Fromagère|Consommable|180
Bûche d'Orme|Consommable|180
Narkasseth Onirique|Consommable|180
Narkasseth Fantastique|Consommable|180
Narkès Brumeuse|Consommable|180
Mangeoire du Bworker|Consommable|175
Baffeur d'Ougah|Consommable|175
Baffeur du Kralamoure Géant|Consommable|175
Baffeur du Korriandre|Consommable|175
Mangeoire du Korriandre|Consommable|175
Baffeur du Bworker|Consommable|175
Baffeur du Toxoliath|Consommable|175
Caresseur d'Ougah|Consommable|175
Pain des Champs|Consommable|170
Filet Mignon Fortifiant|Consommable|170
Mangeoire du Shogun Tofugawa|Consommable|170
Dragofesse de Koumiho|Consommable|170
Estouffade de Morue|Consommable|170
Filet Mignon|Consommable|170
Estouffade de Morue Barbue|Consommable|170
Potion Axel Raide|Consommable|170
Bûche de Bambou Sombre|Consommable|170
Eau de la Fontaine de Noffoub|Consommable|165
Foudroyeur de Tengu Givrefoux|Consommable|165
Caresseur de Tengu Givrefoux|Consommable|165
Abreuvoir du Père Ver|Consommable|165
Dragofesse de XLII|Consommable|165
Mangeoire de Tengu Givrefoux|Consommable|165
Boîte de fragments imposante|Consommable|160
Bûche de Charme|Consommable|160
Mijoté Récréatif Fortifiant|Consommable|160
Potion de Donzelle|Consommable|160
Tortilla|Consommable|160
Burrito|Consommable|160
Mijoté Récréatif|Consommable|160
Coffre imposant|Consommable|160
Bar Grillé|Consommable|160
Bar Iton Grillé|Consommable|160
Larme d'Eniripsa|Consommable|160
Coffre d'Anatak|Consommable|160
Salade Houbée|Consommable|158
Plat de Gravette|Consommable|158
Baffeur de Kanigroula|Consommable|155
Caresseur de Ush|Consommable|155
Dragofesse du Kimbo|Consommable|155
Foudroyeur de l'Obsidiantre|Consommable|155
Caresseur de l'Obsidiantre|Consommable|155
Abreuvoir du Kimbo|Consommable|155
Salace de poissons|Consommable|153
Mantou|Consommable|150
Potion Raide Izdaide|Consommable|150
Daube aux Épices|Consommable|150
Aileron de Requin|Consommable|150
Aileron de Requin Marché-Libre|Consommable|150
Bûche de Kaliptus|Consommable|150
Coffre de Zatoïshwan|Consommable|150
Daube Fortifiante aux Épices|Consommable|150
Foudroyeur de Ben le Ripate|Consommable|145
Abreuvoir du Minotot|Consommable|145
Abreuvoir de Sphincter Cell|Consommable|145
Dragofesse du Minotot|Consommable|145
Baffeur du Phossile|Consommable|145
Pain Gre|Consommable|140
Pain Trépide|Consommable|140
Boudin Noir Fortifiant|Consommable|140
Élixir des Trépasseurs|Consommable|140
Coffre étincelant|Consommable|140
Pain Prenelle|Consommable|140
Salace de Lotte|Consommable|140
Salace de Glotte|Consommable|140
Bûche d'Ébène|Consommable|140
Coffre de la Capitaine Hébreuze|Consommable|140
Caresseur en Plume du Dernier Poolay|Consommable|140
Dragofesse en Cuir de Sanglacier|Consommable|140
Boudin Noir|Consommable|140
Abreuvoir en Orme|Consommable|140
Boîte de fragments étincelante|Consommable|140
Mangeoire en Orme|Consommable|140
Baffeur en Orme|Consommable|140
Foudroyeur en Orme|Consommable|140
Potion Bulbique|Consommable|140
Potion de Goku|Consommable|140
Mangeoire de Shihan et Hanshi|Consommable|135
Dragofesse du Tynril|Consommable|135
Foudroyeur du Chêne Mou|Consommable|135
Baffeur du Mansot Royal|Consommable|135
Dragofesse de Founoroshi|Consommable|135
Borodinski|Consommable|130
Potion Raide Emption|Consommable|130
Coffre de Pantèroz|Consommable|130
Marinade Sucrée-Salée|Consommable|130
Marinade Sucrée-Salée Fortifiante|Consommable|130
Aile de Raie|Consommable|130
Aile de Raie de Farle|Consommable|130
Bûche de Noisetier|Consommable|130
Mangeoire de la Dame des eaux|Consommable|125
Dragofesse de la Haute Truche|Consommable|125
Caresseur du Tanukouï San|Consommable|125
Mangeoire d'El Piko|Consommable|125
Chaton-Perche Sauté|Consommable|120
Sang de Trooll|Consommable|120
Faluche|Consommable|120
Grillade Brâkmarienne|Consommable|120
Grillade Brâkmarienne Fortifiante|Consommable|120
Perche Sautée|Consommable|120
Coffre lourd|Consommable|120
Coffre d'Ali Grothor|Consommable|120
Potion de Trois|Consommable|120
Bûche de Merisier|Consommable|120
Boîte de fragments lourde|Consommable|120
Pain aux Céréales|Consommable|120
Abreuvoir du Blop Multicolore Royal|Consommable|115
Potion d'Apisaphé|Consommable|115
Mangeoire de Skeunk|Consommable|115
Abreuvoir du Capitaine Ekarlatte|Consommable|115
Baffeur du Minotoror|Consommable|115
Caresseur de Fraktale|Consommable|115
Mangeoire de Crocabulia|Consommable|115
Caresseur du Royalmouth|Consommable|115
Caresseur du Tofu Royal|Consommable|115
Dorade au four|Consommable|110
Bûche de Bambou|Consommable|110
Potion Jeud Raide|Consommable|110
Pemmican Fortifiant aux Haricots|Consommable|110
Pain des Villes|Consommable|110
Daurade Royale au four|Consommable|110
Pemmican aux Haricots|Consommable|110
Foudroyeur du Maître Corbac|Consommable|105
Baffeur du Rat Blanc|Consommable|105
Dragofesse de l'Abraknyde Ancestral|Consommable|105
Abreuvoir de Damadrya|Consommable|105
Dragofesse du Rat Noir|Consommable|105
Abreuvoir du Rasboul Majeur|Consommable|105
Foudroyeur du Pounicheur|Consommable|105
Coffre solide|Consommable|100
Gaufre|Consommable|100
Coffre des bandits de Cania|Consommable|100
Pain de Seigle Résistant|Consommable|100
Mangeoire en Bambou Sombre|Consommable|100
Coffre Vorace endormi|Consommable|100
Poêlée Paysanne|Consommable|100
Sang de Likrone|Consommable|100
Plat de Filtounga|Consommable|100
Plume Vibrante de mansot|Consommable|100
Gaufre en or|Consommable|100
Anguille Rôtie|Consommable|100
Anguille Souroche Rôtie|Consommable|100
Bonbon Snik|Consommable|100
Coffre de Gronchon|Consommable|100
Abreuvoir en Bambou Sombre|Consommable|100
Dragofesse en Cuir Noir|Consommable|100
Foudroyeur en Bambou Sombre|Consommable|100
Boîte de fragments solide|Consommable|100
Potion de Marguerite|Consommable|100
Bûche d'If|Consommable|100
Pain de Seigle|Consommable|100
Baffeur en Bambou Sombre|Consommable|100
Caresseur en Plume de Fesse du Kido|Consommable|100
Poêlée Paysanne Fortifiante|Consommable|100
Foudroyeur de Malléfisk|Consommable|95
Foudroyeur du Meulou|Consommable|95
Dragofesse de Dramak|Consommable|95
Abreuvoir de Moon|Consommable|95
Mangeoire du Dragon Cochon|Consommable|95
Baffeur du Koulosse|Consommable|95
Mangeoire du Kharnozor|Consommable|95
Bûche d'Oliviolet|Consommable|90
Potion Raide Boule|Consommable|90
Kralamoure Unique Grillé|Consommable|90
Pain d'Épices|Consommable|90
Pot-au-feu Goûteux Fortifiant|Consommable|90
Pot-au-feu Goûteux|Consommable|90
Kralamoure Grillé|Consommable|90
Baffeur de Choudini|Consommable|85
Abreuvoir de la Reine Nyée|Consommable|85
Caresseur du Chouque|Consommable|85
Biscotte|Consommable|80
Brochet Farci|Consommable|80
Brochet Tupe-Halett Farci|Consommable|80
Potion de Voyageur Dimensionnel|Consommable|80
Potion Géniale|Consommable|80
Bûche d'Érable|Consommable|80
Coffre surprenant|Consommable|80
Terrine Bontarienne|Consommable|80
Potion Eau de fée|Consommable|80
Terrine Bontarienne Fortifiante|Consommable|80
Coffre d’Ekar Hahib|Consommable|80
Pain Gouin|Consommable|80
Boîte de fragments surprenante|Consommable|80
Potion de HmmMmm|Consommable|75
Dragofesse de Gourlo le Terrible|Consommable|75
Caresseur du Wa Wobot|Consommable|75
Dragofesse de Draegnerys|Consommable|75
Sardine Sombre à l'Étouffée|Consommable|70
Parmentier à l'Oignon|Consommable|70
Potion Pahoa Raide|Consommable|70
Parmentier Fortifiant à l'Oignon|Consommable|70
Pain Consistant|Consommable|70
Sardine à l'Étouffée|Consommable|70
Bûche de Bombu|Consommable|70
Potion de crapaud-mufle|Consommable|65
Caresseur du Craqueleur Légendaire|Consommable|65
Baffeur de Nelween|Consommable|65
Briochette|Consommable|60
Dragofesse en Cuir Violet de Bwork|Consommable|60
Caresseur en Plume de Tofu Maléfique|Consommable|60
Potion Religieuse|Consommable|60
Friture Amaknéenne Fortifiante|Consommable|60
Carpette Vapeur|Consommable|60
Carpe Vapeur|Consommable|60
Briochette magique|Consommable|60
Abreuvoir en Bambou|Consommable|60
Baffeur en Bambou|Consommable|60
Foudroyeur en Bambou|Consommable|60
Potion d'enclos de Guilde|Consommable|60
Coffre intrigant|Consommable|60
Boîte de fragments intrigante|Consommable|60
Coffre de Brumen|Consommable|60
Bûche de Chêne|Consommable|60
Friture Amaknéenne|Consommable|60
Mangeoire en Bambou|Consommable|60
Potion de Soin supérieure|Consommable|60
Multygely|Consommable|60
Le Saut Sifflard|Consommable|60
Rougely|Consommable|58
Vertgely|Consommable|56
Foudroyeur de Blop Royal|Consommable|55
Baffeur de Gelée Royale|Consommable|55
Mangeoire du Kanniboul Ebil|Consommable|55
Blugely|Consommable|54
Parchemin vierge|Consommable|50
Potion Dantegoulesque|Consommable|50
Poisson Pané Frit|Consommable|50
Poisson Igloo Frit|Consommable|50
Potion de Croque-mort|Consommable|50
Pain de Mie|Consommable|50
Salade Sufokienne|Consommable|50
Apéwicube|Consommable|50
Potion de Vigile|Consommable|50
Potion Ghetto Raide|Consommable|50
Œuf de Larve Dorée|Consommable|50
Potion de Guérisseur|Consommable|50
Parchemin Doré|Consommable|50
Potion d'oubli de sort|Consommable|50
Salade Sufokienne Fortifiante|Consommable|50
Cocawotte|Consommable|45
Abreuvoir du Wa Wabbit|Consommable|45
Mangeoire de la Bworkette|Consommable|45
Abreuvoir du Mantiscore|Consommable|45
Foudroyeur du Kwakwa|Consommable|45
Dragofesse de la Shin Larve|Consommable|45
Baffeur du Corailleur Magistral|Consommable|45
Foudroyeur du Chafer Rōnin|Consommable|45
Caresseur des Forgerons|Consommable|45
Abragland|Consommable|44
Potion Agare|Consommable|40
Pain aux Flocons d'Avoine|Consommable|40
Poisson-Chaton Fumé|Consommable|40
Poisson-Tigre Fumé|Consommable|40
Boîte de fragments rouillée|Consommable|40
Papillote au Citron|Consommable|40
Potion d'Amélioration de Boune Bontarien|Consommable|40
Potion de Bivoak|Consommable|40
Potion de Soin|Consommable|40
Bûche de Noyer|Consommable|40
Potion de Mériana|Consommable|40
Pain aux Flocons d'Avoine Aurifère|Consommable|40
Coffre rouillé|Consommable|40
Papillote Fortifiante au Citron|Consommable|40
Potion de Foyer de Guilde|Consommable|35
Caresseur de Boostache|Consommable|35
Dragofesse du Scarabosse Doré|Consommable|35
Mangeoire de Batofu|Consommable|35
Abreuvoir de Kankreblath|Consommable|35
Fougasse|Consommable|30
Roulade de Carne Fortifiante|Consommable|30
Bâton de Crabe Exotique|Consommable|30
Coffre de Frakacia|Consommable|30
Potion Raide Dite|Consommable|30
Roulade de Carne|Consommable|30
Bâton de Crabe|Consommable|30
Blopisier empoisonné|Consommable|30
Moumoules frites|Consommable|30
Potion de Diligence|Consommable|25
Parchemin d'Ivoire|Consommable|25
Baffeur du Bouftou Royal|Consommable|25
Baffeur de Kardorim|Consommable|25
Nisitik Miditik|Consommable|21
Cawotte Maudite|Consommable|21
Carasau|Consommable|20
Bûche de Châtaignier|Consommable|20
Beignet Astrubien|Consommable|20
Beignet Astrubien Fortifiant|Consommable|20
Truite Flambée|Consommable|20
Sucre d'Orge|Consommable|20
Coffre insignifiant|Consommable|20
Coffre de loterie|Consommable|20
Truite Ancestrale Flambée|Consommable|20
Cervelle de vampire|Consommable|20
Potion de Temple des alliances|Consommable|20
Potion de Mini Soin Supérieure|Consommable|20
Potion de cité : Brâkmar|Consommable|20
Potion de cité : Bonta|Consommable|20
Brioche à la viande de bouftou|Consommable|20
Potion de Chasseur de Trésor|Consommable|20
Boîte de fragments insignifiante|Consommable|20
Potion de Divination|Consommable|20
Grande Fée d'Artifice Multicolore Virevoltante|Consommable|15
Elixir Ecaflip|Consommable|15
Elixir Osamodas|Consommable|15
Potion de Bibliotemple|Consommable|15
Foudroyeur de Mob l'Éponge|Consommable|15
Elixir Eliotrope|Consommable|15
Elixir Crâ|Consommable|15
Elixir Iop|Consommable|15
Elixir Féca|Consommable|15
Elixir Enutrof|Consommable|15
Elixir Sram|Consommable|15
Elixir Steamer|Consommable|15
Grande Fée d'Artifice Rouge Virevoltante|Consommable|15
Elixir Pandawa|Consommable|15
Elixir Sacrieur|Consommable|15
Elixir Sadida|Consommable|15
Elixir Xélor|Consommable|15
Abreuvoir du Tournesol Affamé|Consommable|15
Grande Fée d'Artifice Verte Virevoltante|Consommable|15
Grande Fée d'Artifice Bleue Virevoltante|Consommable|15
Grande Fée d'Artifice Jaune Virevoltante|Consommable|15
Elixir Eniripsa|Consommable|15
Elixir Roublard|Consommable|15
Elixir Zobal|Consommable|15
Fée d'Artifice Verte Virevoltante|Consommable|14
Fée d'Artifice Bleue Virevoltante|Consommable|14
Fée d'Artifice Rouge Virevoltante|Consommable|14
Fée d'Artifice Jaune Virevoltante|Consommable|14
Fée d'Artifice Multicolore Virevoltante|Consommable|14
Petite Fée d'Artifice Bleue Virevoltante|Consommable|13
Petite Fée d'Artifice Verte Virevoltante|Consommable|13
Petite Fée d'Artifice Jaune Virevoltante|Consommable|13
Petite Fée d'Artifice Rouge Virevoltante|Consommable|13
Petite Fée d'Artifice Multicolore Virevoltante|Consommable|13
Grande Fée d'Artifice Bleue Crépitante|Consommable|12
Grande Fée d'Artifice Rouge Crépitante|Consommable|12
Grande Fée d'Artifice Verte Crépitante|Consommable|12
Grande Fée d'Artifice Multicolore Crépitante|Consommable|12
Grande Fée d'Artifice Jaune Crépitante|Consommable|12
Fée d'Artifice Rouge Crépitante|Consommable|11
Fée d'Artifice Bleue Crépitante|Consommable|11
Fée d'Artifice Verte Crépitante|Consommable|11
Fée d'Artifice Jaune Crépitante|Consommable|11
Fée d'Artifice Multicolore Crépitante|Consommable|11
Beignet de Greuvette Horreur|Consommable|10
Pain Doré|Consommable|10
Boulette de Viande|Consommable|10
Bouillon de Chair Fortifiant|Consommable|10
Petite Fée d'Artifice Bleue Crépitante|Consommable|10
Petite Fée d'Artifice Jaune Crépitante|Consommable|10
Coffre de Fouduglen|Consommable|10
Parchemin lié|Consommable|10
Lot de dix parchemins vierges|Consommable|10
Petite Fée d'Artifice Multicolore Crépitante|Consommable|10
Michette|Consommable|10
Potion de Rappel|Consommable|10
Beignet de Greuvette|Consommable|10
Ordre d'exécution.|Consommable|10
Potion Raide Mhor|Consommable|10
Goujon Kiye en Tranche|Consommable|10
Petite Fée d'Artifice Rouge Crépitante|Consommable|10
Petite Fée d'Artifice Verte Crépitante|Consommable|10
Potion Droïde|Consommable|10
Bûche de Frêne|Consommable|10
Grande Fée d'Artifice Bleue Fontaine|Consommable|9
Grande Fée d'Artifice Rouge Fontaine|Consommable|9
Grande Fée d'Artifice Verte Fontaine|Consommable|9
Grande Fée d'Artifice Jaune Fontaine|Consommable|9
Grande Fée d'Artifice Multicolore Fontaine|Consommable|9
Fée d'Artifice Multicolore Fontaine|Consommable|8
Fée d'Artifice Verte Fontaine|Consommable|8
Fée d'Artifice Bleue Fontaine|Consommable|8
Fée d'Artifice Rouge Fontaine|Consommable|8
Fée d'Artifice Jaune Fontaine|Consommable|8
Petite Fée d'Artifice Verte Fontaine|Consommable|7
Petite Fée d'Artifice Multicolore Fontaine|Consommable|7
Petite Fée d'Artifice Jaune Fontaine|Consommable|7
Petite Fée d'Artifice Rouge Fontaine|Consommable|7
Petite Fée d'Artifice Bleue Fontaine|Consommable|7
Grande Fée d'Artifice Bleue Tournoyante|Consommable|6
Potion d'oubli Percepteur : Armure aqueuse|Consommable|6
Potion d'oubli Percepteur : Armure Terrestre|Consommable|6
Potion d'oubli Percepteur : Flamme|Consommable|6
Potion d'oubli Percepteur : Pods|Consommable|6
Grande Fée d'Artifice Rouge Tournoyante|Consommable|6
Potion d'oubli Percepteur : Armure Venteuse|Consommable|6
Potion d'oubli Percepteur 'Cyclone'|Consommable|6
Grande Fée d'Artifice Jaune Tournoyante|Consommable|6
Potion d'oubli Percepteur : Rocher|Consommable|6
Potion d'oubli Percepteur : Mot Soignant|Consommable|6
Potion d'oubli Percepteur : Désenvoutement|Consommable|6
Potion d'oubli Percepteur : Nombre de percepteur|Consommable|6
Potion d'oubli Percepteur : Prospection|Consommable|6
Grande Fée d'Artifice Multicolore Tournoyante|Consommable|6
Potion d'oubli Percepteur : Armure Incandescente|Consommable|6
Potion d'oubli Percepteur : Compulsion de masse|Consommable|6
Potion d'oubli Percepteur 'Expérience'|Consommable|6
Grande Fée d'Artifice Verte Tournoyante|Consommable|6
Potion d'oubli Percepteur : Vague|Consommable|6
Potion d'oubli Percepteur : Déstabilisation|Consommable|6
Mangeoire en Frêne|Consommable|5
Baffeur en Frêne|Consommable|5
Fée d'Artifice Bleue Tournoyante|Consommable|5
Fée d'Artifice Jaune Tournoyante|Consommable|5
Fée d'Artifice Multicolore Tournoyante|Consommable|5
Abreuvoir en Frêne|Consommable|5
Potion de Foyer|Consommable|5
Fée d'Artifice Verte Tournoyante|Consommable|5
Gâtrool Industriel|Consommable|5
Fée d'Artifice Rouge Tournoyante|Consommable|5
Foudroyeur en Frêne|Consommable|5
Petite Fée d'Artifice Bleue Tournoyante|Consommable|4
Petite Fée d'Artifice Jaune Tournoyante|Consommable|4
Petite Fée d'Artifice Rouge Tournoyante|Consommable|4
Petite Fée d'Artifice Verte Tournoyante|Consommable|4
Petite Fée d'Artifice Multicolore Tournoyante|Consommable|4
Grande Fée d'Artifice Jaune|Consommable|3
Grande Fée d'Artifice Rouge|Consommable|3
Grande Fée d'Artifice Verte|Consommable|3
Grande Fée d'Artifice Bleue|Consommable|3
Grande Fée d'Artifice Multicolore|Consommable|3
Fée d'Artifice Multicolore|Consommable|2
Fée d'Artifice Bleue|Consommable|2
Fée d'Artifice Rouge|Consommable|2
Fée d'Artifice Verte|Consommable|2
Fée d'Artifice Jaune|Consommable|2
Pain d'Incarnam|Consommable|1
Petit Parchemin de Force|Consommable|1
Petit Parchemin d'Intelligence|Consommable|1
Parchemin de Sculpteur|Consommable|1
Parchemin de Force|Consommable|1
Puissant Parchemin de Force|Consommable|1
Puissant Parchemin de Sagesse|Consommable|1
Parchemin de Vitalité|Consommable|1
Grand Parchemin de Chance|Consommable|1
Puissant Parchemin d'Intelligence|Consommable|1
Clé en Roche de Ded Aléïcar|Consommable|1
Parchemin de Cordonnier|Consommable|1
Lâcher les gaz|Consommable|1
Bière du Feubuk|Consommable|1
Bière de la Bagrutte|Consommable|1
Petite Fée d'Artifice Multicolore|Consommable|1
Booden glace|Consommable|1
Bière d'Astrub|Consommable|1
Pandaburg|Consommable|1
Pandapiler|Consommable|1
Carré de Chocolat Blanc|Consommable|1
Abreuvoir en Charme|Consommable|1
Abreuvoir en Ébène|Consommable|1
Abreuvoir en Bombu|Consommable|1
Mangeoire en Chêne|Consommable|1
Mangeoire en If|Consommable|1
Mangeoire en Ébène|Consommable|1
Mangeoire en Érable|Consommable|1
Dragofesse Classique|Consommable|1
Dragofesse en Cuir de Boostache Prépubère|Consommable|1
Corne de Brume|Consommable|1
Mangeoire en Bois Envoûté|Consommable|1
Mangeoire en Bois de Tronknyde|Consommable|1
Dragofesse en Cuir de Porkass|Consommable|1
Caresseur en Plume de Piou Vert|Consommable|1
Caresseur en Plume de Corbac|Consommable|1
Caresseur en Plume de Kwak de Terre|Consommable|1
Baffeur en Merisier|Consommable|1
Baffeur en Bois de Bambouto Sacré|Consommable|1
Foudroyeur en Charme|Consommable|1
Foudroyeur en Châtaignier|Consommable|1
Foudroyeur en Noyer|Consommable|1
Foudroyeur en Oliviolet|Consommable|1
Foudroyeur Classique|Consommable|1
Piment confit|Consommable|1
Shigekax Orange|Consommable|1
Potion de rappel prismatique|Consommable|1
Parchemin de Sort Invocation de Chaferfu|Consommable|1
Ballotin de chocolat|Consommable|1
Shigekax Passion|Consommable|1
Shigekax Reinette|Consommable|1
Shigekax Mirabelle|Consommable|1
Parchemin de Joaillomage|Consommable|1
Parchemin de Forgemage de Dagues|Consommable|1
Parchemin de Sculptemage|Consommable|1
Parchemin de Mineur|Consommable|1
Parchemin de Sort Capture d'âmes|Consommable|1
Parchemin de Sort Marteau de Moon|Consommable|1
Potion d'Amélioration d'Atouin|Consommable|1
Potion d'Amélioration de Bilby|Consommable|1
Potion d'Amélioration de Bwak|Consommable|1
Potion d'Amélioration de Chacha Angora|Consommable|1
Potion d'Amélioration de Kouin-Kouin|Consommable|1
Potion d'Amélioration de Léopardo|Consommable|1
Potion d'Amélioration de Petit Chacha Blanc|Consommable|1
Potion d'Amélioration de Shushu de Rushu|Consommable|1
Potion d'Amélioration de Vampyrette|Consommable|1
Potion de soin larvesque|Consommable|1
Craqueloroche|Consommable|1
Potion d'Amélioration de Meuch|Consommable|1
Potion d'Amélioration de Tofoudre|Consommable|1
Bonbon à la Menthe du Prospecteur|Consommable|1
Potion d'Amélioration de Givrefoux|Consommable|1
Sac de Fantaisies Eliatropes|Consommable|1
Potion d'Amélioration de Bisouglours|Consommable|1
Agent infectieux de la rosissure|Consommable|1
Super Héros|Consommable|1
Refuser|Consommable|1
Offrir un cadeau|Consommable|1
Montrer son arme|Consommable|1
Croiser les bras|Consommable|1
Baisser le pouce|Consommable|1
Manolias|Consommable|1
Coquetel Emaque|Consommable|1
Potion d'Amélioration de Dragouf|Consommable|1
Fricassée de Thongue Salée|Consommable|1
Kipik en Chocolat|Consommable|1
Boole de neige|Consommable|1
Potion d'Amélioration de Meulourd|Consommable|1
Fée d'artifice bleue de Pwâk|Consommable|1
Potion d'Amélioration de Kroliméa|Consommable|1
Ballon Baladeur Magique|Consommable|1
Avoir froid|Consommable|1
Avoir chaud|Consommable|1
Attirer l'attention|Consommable|1
Se frotter les mains|Consommable|1
Sukette à la Fraise|Consommable|1
Sukette au Citron|Consommable|1
Bonbon Zaï Hallucinogène|Consommable|1
Bonbon du Prospecteur|Consommable|1
Bonbon du Formateur|Consommable|1
Barre Rabmarac à la Fraise|Consommable|1
Barre Rabmarac au Nougat|Consommable|1
Craqueleur des Glaces en Sucre Glace|Consommable|1
Brioche de Nowel|Consommable|1
Potion de Kerubim|Consommable|1
Potion d'Amélioration de Bulbouture|Consommable|1
Potion d'Amélioration de Kokulte|Consommable|1
Bouf'gomme à la Pêche|Consommable|1
Parchemin de Sort Maîtrise d'Arme|Consommable|1
Fée d'artifice Culottée|Consommable|1
Fée d'artifice Musicale|Consommable|1
Fée d'artifice Cawotte|Consommable|1
Potion d'Amélioration de Boskito|Consommable|1
Fée d'artifice Nuageuse|Consommable|1
Mimibiote|Consommable|1
Boxer|Consommable|1
Potion d'Amélioration de Chachyène|Consommable|1
Voile Eidolonique de Lévitrof|Consommable|1
Caillou d'Enutrof|Consommable|1
Voile Eidolonique de Bourôliste|Consommable|1
Bière du Bourreau|Consommable|1
Voile Eidolonique de Méjaire|Consommable|1
Siffler|Consommable|1
Montre en avance|Consommable|1
Potion d'Amélioration de Tanuk|Consommable|1
Potion d'Amélioration de Moumoute|Consommable|1
Fée d’Artifice Colorée|Consommable|1
Sachet d'Aubergines|Consommable|1
Tonneau d'Huile à Frire|Consommable|1
Sachet de Poivre|Consommable|1
Bière de Djaul|Consommable|1
Garde-à-vous|Consommable|1
Balistique|Consommable|1
Pêcheur|Consommable|1
Émoticônes Halouine|Consommable|1
Élémentaire|Consommable|1
Potion d'amélioration d'El Scarador|Consommable|1
Potion d'amélioration de Tifoux|Consommable|1
Potion d'amélioration de Fotome|Consommable|1
Pâtée d'Ecaflip|Consommable|1
Potion d'Amélioration de Chaperlipopette|Consommable|1
Animal|Consommable|1
Indestructible|Consommable|1
Expérimenter|Consommable|1
Potion d'Amélioration de Mécaphor|Consommable|1
Potion de Nevark|Consommable|1
Enragé|Consommable|1
Potion d'Amélioration de Chacha Ventru|Consommable|1
Potion d'Amélioration de Chacha Charmant|Consommable|1
Potion d'Amélioration de Boune Poisseux|Consommable|1
Potion d'Amélioration de Boune Charmant|Consommable|1
Potion d'Amélioration de Bouftor|Consommable|1
Diplôme de Guerrier de l'été 647|Consommable|1
Potion d'autopilotage|Consommable|1
Diplôme d'ivoire|Consommable|1
Potion d'Amélioration de Molosk|Consommable|1
Coup Fatal Sadida|Consommable|1
Supporter Batailleurs Glorieux S2|Consommable|1
Coffre de Kolizétons|Consommable|1
Supporter Millenium S3|Consommable|1
Supporter Out of Control S3|Consommable|1
Rune vers l'Arbre de Moon|Consommable|1
Sac du Molosse|Consommable|1
Caisse de reflets oniriques|Consommable|1
Souffle dracomique|Consommable|1
Cadeau de reflets oniriques|Consommable|1
Koukawa Fraise|Consommable|1
Diplôme de Prospectus temporis II|Consommable|1
Burgreg|Consommable|1
Diplôme de Fabophile|Consommable|1
Bonbon béni de la Prêtresse des Douze|Consommable|1
Clochette ailée en chocolat|Consommable|1
Diplôme de Waddictateur|Consommable|1
Diplôme de Croqueur|Consommable|1
Diplôme des cloches|Consommable|1
Friandise Chocoskargo|Consommable|1
Perlequin Coco|Consommable|1
Perlequin Griotte|Consommable|1
Perlequin Indigo|Consommable|1
Perlequin Reinette|Consommable|1
Potion d'attitude Élémentaire|Consommable|1
Potion d'attitude Criminel|Consommable|1
Potion d'attitude Offrir un gâteau|Consommable|1
Potion d'attitude Vaporeux|Consommable|1
Potion d'attitude Magmatique|Consommable|1
Paquet d'attitude aléatoire|Consommable|1
Danse du trool|Consommable|1
Guitare électromagique|Consommable|1
Aura musicale|Consommable|1
Perlequin Ananas|Consommable|1
Diplôme de Casus Belli Temporis III|Consommable|1
Potjevleesch|Consommable|1
Granulé pour hamster|Consommable|1
Super bonbon du Prospecteur|Consommable|1
Super bonbon du Sage|Consommable|1
Boisson démoniaque|Consommable|1
Boisson orientale|Consommable|1
Diplôme de Créateur de rêve|Consommable|1
Anniversaire|Consommable|1
Macmarron d'Icspay Maytiet|Consommable|1
Popoche de Havre-Sac Allister|Consommable|1
Popoche de Havre-Sac Pwâk|Consommable|1
Popoche de Havre-Sac Sain Ballotin|Consommable|1
Rune vers le Trône de la Cour Sombre|Consommable|1
Diplôme de Wa d'un jour 650|Consommable|1
Sorti du chapeau|Consommable|1
Ballon bleu de Shariva|Consommable|1
Sharivarise Banane|Consommable|1
Sharivarise Prune|Consommable|1
Sharivarise Caramel|Consommable|1
Voile tumultueux de l'antagoniste|Consommable|1
Diplôme d'Apprenti Pandawushuka|Consommable|1
Diplôme de Maître des voies martiales|Consommable|1
Shaké|Consommable|1
Gnôle de Grobe|Consommable|1
Mots pliés|Consommable|1
Diplôme de Wa d'un jour 651|Consommable|1
Bière d'Amakna|Consommable|1
Parchemin de Bûcheron|Consommable|1
Parchemin de Forgeur de dagues|Consommable|1
Parchemin de Sculpteur de baguettes|Consommable|1
Parchemin de Sort Libération|Consommable|1
Parchemin de Sort Invocation d'Arakne|Consommable|1
Grand Parchemin de Force|Consommable|1
Puissant Parchemin de Chance|Consommable|1
Shigekax Menthe|Consommable|1
Sardine à l'huile ***|Consommable|1
Bière du Chabrulé|Consommable|1
Bière de la Chopenbois|Consommable|1
Pain du Pinchaut|Consommable|1
Pandalartois|Consommable|1
Carré de Chocolat Noir|Consommable|1
Abreuvoir en Érable|Consommable|1
Abreuvoir en Oliviolet|Consommable|1
Mangeoire en Noyer|Consommable|1
Mangeoire en Oliviolet|Consommable|1
Dragofesse en Cuir de Bouftou|Consommable|1
Abreuvoir en Bois Envoûté|Consommable|1
Abreuvoir en Bois de Tronknyde|Consommable|1
Abreuvoir en Bois de Bambouto|Consommable|1
Mangeoire en Bambou Doré|Consommable|1
Dragofesse en Cuir de Bouftou Royal|Consommable|1
Caresseur en Plume de Piou Jaune|Consommable|1
Caresseur en Plume de Kwak de Vent|Consommable|1
Caresseur en Plume du Maître Corbac|Consommable|1
Baffeur en Érable|Consommable|1
Baffeur en Charme|Consommable|1
Baffeur en Bombu|Consommable|1
Baffeur en Bambou Doré|Consommable|1
Foudroyeur en Ébène|Consommable|1
Foudroyeur en Bombu|Consommable|1
Foudroyeur en Bois de Tronknyde|Consommable|1
Foudroyeur en Bambou Doré|Consommable|1
Foudroyeur en Bambou Magique|Consommable|1
Foudroyeur en Bois de Kokoko|Consommable|1
Fragment Magique|Consommable|1
Bourse de 10000 Kamas|Consommable|1
Limonade d'Incarnam|Consommable|1
Shigekax Caramel|Consommable|1
Shigekax Chocolat|Consommable|1
Shigekax Melon|Consommable|1
Shigekax Griotte|Consommable|1
Shigekax Acidulé|Consommable|1
Parchemin de Bijoutier|Consommable|1
Parchemin de Boucher|Consommable|1
Parchemin de Bricoleur|Consommable|1
Parchemin de Forgeur de Haches|Consommable|1
Parchemin de Forgemage de Haches|Consommable|1
Parchemin d'Alchimiste|Consommable|1
Parchemin de Cordomage|Consommable|1
Coffre de Jorbak|Consommable|1
Potion d'Amélioration d'Ecureuil Chenapan|Consommable|1
Potion d'Amélioration de Mini Wa|Consommable|1
Potion d'Amélioration de Nomoon|Consommable|1
Potion d'Amélioration de Péki|Consommable|1
Potion d'Amélioration de Pioute|Consommable|1
Potion d'Amélioration de Walk|Consommable|1
Potion d'Amélioration de Miniminotot|Consommable|1
Potion d'Amélioration de Tiwabbit Kiafin|Consommable|1
Potion d'Amélioration de Raknaille|Consommable|1
Potion d'Amélioration de Chauffe-souris Délavée|Consommable|1
Potion d'Amélioration de Gupin|Consommable|1
Úridnac|Consommable|1
Fée d'artifice Térik|Consommable|1
Pizza au boudin de boufmouth|Consommable|1
Fantaisie Eliatrope|Consommable|1
Potion d'Amélioration de Gwo Tofu Ventripotent|Consommable|1
S'agenouiller|Consommable|1
Pierre Feuille Ciseaux|Consommable|1
Manolias|Consommable|1
Mains sur les hanches|Consommable|1
Applaudir|Consommable|1
Bonhomme de Neige en Sucre Glace|Consommable|1
Kanigrou Hivernal en Sucre Glace|Consommable|1
Traîneau en Pain d'Épices|Consommable|1
Bûche de Nowel|Consommable|1
Potion de changement de blason de guilde|Consommable|1
Se prosterner|Consommable|1
Gonfler ses muscles|Consommable|1
Sukette à la Pomme|Consommable|1
Bonbon Zaï Planant|Consommable|1
Potion d'Amélioration de Sakochère|Consommable|1
Beignet de Karnaval|Consommable|1
Barre Rabmarac au Caramel|Consommable|1
Barre Rabmarac au Kola|Consommable|1
Potion d'Amélioration de Balafreux|Consommable|1
Sakai Firefoux en Sucre Glace|Consommable|1
Potion d'Amélioration de Kafarce|Consommable|1
Boufballe Surprise|Consommable|1
Fée d'artifice Feignante|Consommable|1
Fée d'artifice Invocatrice d'Arakne|Consommable|1
Potion d'Amélioration de Fosfo|Consommable|1
Agiter le drapeau blanc|Consommable|1
Potion d'Amélioration de Black Tiwabbit|Consommable|1
Supplier|Consommable|1
Chercher un trésor|Consommable|1
Potion d'Amélioration de Phortiche|Consommable|1
Richissime|Consommable|1
Voile Eidolonique de Terristocrate|Consommable|1
Voile Eidolonique d'Ikargn|Consommable|1
Sable de Xélor|Consommable|1
Intemporel|Consommable|1
Potion d'Amélioration de Bloalak|Consommable|1
Tonneau d'Eau Potable|Consommable|1
Sachet d'Épices|Consommable|1
Sachet de Poudre Temporelle|Consommable|1
Bière du Bwork|Consommable|1
Potion d'Amélioration de Bontique|Consommable|1
Potion d'Amélioration de Titard|Consommable|1
Potion d'Amélioration de Minimino|Consommable|1
Potion d'amélioration de Bouloute|Consommable|1
Potion d'Amélioration de Titcham|Consommable|1
Diplôme de plongée|Consommable|1
Coup fatal Iop|Consommable|1
Se boucher les oreilles|Consommable|1
Bière de Sidimote|Consommable|1
Potion d'Amélioration de Chacha Poisseux|Consommable|1
Potion d'Amélioration de Chacha Bontarien|Consommable|1
Mini part de bonheur|Consommable|1
Potion d'Amélioration de Godron Poisseux|Consommable|1
Coup Fatal Sacrieur|Consommable|1
Coup Fatal Enutrof|Consommable|1
Coup Fatal Sram|Consommable|1
Coup Fatal Xélor|Consommable|1
Supporter Free Bowisse S2|Consommable|1
Fée d'artifice Trèfle|Consommable|1
Barbarbe|Consommable|1
Diplôme de Magister Temporis I|Consommable|1
Rune vers la Caverne du Koulosse|Consommable|1
Rune vers le Théâtre de Dramak|Consommable|1
Rune vers le Donjon des Dragoeufs|Consommable|1
Potion d'aspect aléatoire|Consommable|1
Diplôme de Miss/Mister Monde des Douze 649|Consommable|1
Pelleforte|Consommable|1
Insectoïde|Consommable|1
Carré de Chocolat Noir à 99 %|Consommable|1
Anomalie|Consommable|1
Diplôme de Guerrier saisonnier 649|Consommable|1
Friandise Warkaïk|Consommable|1
Friandise Torréfactueur|Consommable|1
Perlequin Amande|Consommable|1
Perlequin Mirabelle|Consommable|1
Potion d'attitude Pêcheur|Consommable|1
Potion d'attitude Indestructible|Consommable|1
Potion d'attitude Psychotique|Consommable|1
Potion d'attitude Animal|Consommable|1
Potion d'attitude Balistique|Consommable|1
Potion d'attitude Ça cadence|Consommable|1
Potion d'expérience|Consommable|1
Potion d'attitude Tambour|Consommable|1
Agiter ses cheveux|Consommable|1
Potion d'attitude Crocabulia|Consommable|1
Coup Fatal Moon|Consommable|1
Welch|Consommable|1
Fricadelle|Consommable|1
Diplôme de Ankaventurier|Consommable|1
Popoche de Havre-Sac Cale des Pirates|Consommable|1
Popoche de Havre-Sac Halouine|Consommable|1
Popoche de Havre-Sac Princesse|Consommable|1
Popoche de Havre-Sac Pyramide|Consommable|1
Popoche de Havre-Sac Steamer|Consommable|1
Rune vers le Repaire de Skeunk|Consommable|1
Rune vers le Donjon des Firefoux|Consommable|1
Rune vers l'Antre du Korriandre|Consommable|1
Ornement de Misère|Consommable|1
Popoche de Havre-Sac Eliocalypse|Consommable|1
Disparition|Consommable|1
Potion de rétrécissement|Consommable|1
Ballon vert de Shariva|Consommable|1
Sharivarise Poire|Consommable|1
Voile tumultueux du bandit|Consommable|1
Diplôme de Parchomancien Finaliste|Consommable|1
Coup fatal Pwâk|Consommable|1
Potion d'expérience|Consommable|1
Pandakwak|Consommable|1
Kentergob|Consommable|1
Shaké à haute fermentation|Consommable|1
Diplôme de Bêta-Major|Consommable|1
Coup Fatal Yugo|Consommable|1
Sac du Forban|Consommable|1
Souffle de Virizeon|Consommable|1
Bière du Grand Pouddah|Consommable|1
Mots noircis|Consommable|1
Mots récoltés|Consommable|1
Cygrue de Pandako|Consommable|1
Bambinouze|Consommable|1
Bière forte légère|Consommable|1
Kirim|Consommable|1
Diplôme de Fabophile 651|Consommable|1
Pomme|Consommable|1
Parchemin de Kolizétons|Consommable|1
Pain au curry sans curry|Consommable|1
Parchemin d'Agilité|Consommable|1
Puissant Parchemin d'Agilité|Consommable|1
Grand Parchemin de Sagesse|Consommable|1
Grand Parchemin de Vitalité|Consommable|1
Parchemin de Chance|Consommable|1
Shigekax Citron|Consommable|1
Shigekax Cerise|Consommable|1
Potion de Mini Soin|Consommable|1
Goujon en Tranche|Consommable|1
Bière du Alakarte|Consommable|1
Bonbon Rouge Surpuissant|Consommable|1
Petite Fée d'Artifice Verte|Consommable|1
Petite Fée d'Artifice Bleue|Consommable|1
Petite Fée d'Artifice Jaune|Consommable|1
Grande Fée d'Artifice Invocatrice de Tofu|Consommable|1
Magma Brâkmarien|Consommable|1
Frites de Tournesol Sauvage|Consommable|1
Pandneken|Consommable|1
Panda au chocolat|Consommable|1
Carré de Chocolat au Lait|Consommable|1
Pointer du doigt|Consommable|1
Abreuvoir en Chêne|Consommable|1
Abreuvoir en If|Consommable|1
Abreuvoir Classique|Consommable|1
Mangeoire en Merisier|Consommable|1
Mangeoire en Bombu|Consommable|1
Caresseur en Plume de Piou Bleu|Consommable|1
Caresseur en Plume de Piou Violet|Consommable|1
Baffeur en Châtaignier|Consommable|1
Baffeur en If|Consommable|1
Abreuvoir en Bambou Doré|Consommable|1
Abreuvoir en Bois de Bambouto Sacré|Consommable|1
Mangeoire en Bambou Magique|Consommable|1
Mangeoire en Bois de Bambouto|Consommable|1
Dragofesse en Cuir de Chef de Guerre Bouftou|Consommable|1
Dragofesse en Cuir de Sanglier des Plaines|Consommable|1
Caresseur en Plume de Piou Rouge|Consommable|1
Caresseur en Plume de Kwak de Glace|Consommable|1
Caresseur en Plume de Tofu Royal|Consommable|1
Baffeur en Oliviolet|Consommable|1
Foudroyeur en Merisier|Consommable|1
Foudroyeur en Bois Envoûté|Consommable|1
Foudroyeur en Bois de Bambouto|Consommable|1
Ballon Rouge Magique|Consommable|1
Ballon Vert Magique|Consommable|1
Bourse de 1000 Kamas|Consommable|1
Shigekax Banane|Consommable|1
Shigekax Pomme|Consommable|1
Pawchemin de la Cawotte|Consommable|1
Shigekax Amande|Consommable|1
Shigekax Coco|Consommable|1
Shigekax Prune|Consommable|1
Parchemin de Forgeur de Pelles|Consommable|1
Parchemin de Sculptemage de Bâtons|Consommable|1
Parchemin de Façonneur|Consommable|1
Parchemin de Costumage|Consommable|1
Parchemin de Chasseur|Consommable|1
Shigekax Kill Coos|Consommable|1
Potion d'Amélioration de Chacha Tigré|Consommable|1
Potion d'Amélioration de Ross|Consommable|1
Potion d'Amélioration de Dragoune Noire|Consommable|1
Potion de soin du débutant|Consommable|1
Pain du débutant|Consommable|1
Poisson Deukloche du débutant|Consommable|1
Mexicanos du débutant|Consommable|1
Potion d'Amélioration de Dragoune Dorée|Consommable|1
Chapain|Consommable|1
Potion d'Amélioration de Chacha des Glaces|Consommable|1
Viande d'aventurier|Consommable|1
Bonbon à la Menthe du Petit Prospecteur|Consommable|1
Bonbon à la Menthe de l'Apprenti|Consommable|1
Potion d'Amélioration de Tofüm|Consommable|1
Potion d'Amélioration de Phénix|Consommable|1
Se mettre en colère|Consommable|1
S'allonger|Consommable|1
Rire|Consommable|1
Montrer sa peur|Consommable|1
Fleurs|Consommable|1
Lire un livre|Consommable|1
Sautiller|Consommable|1
Jouer du Tambour|Consommable|1
Trace|Consommable|1
Paquet Cadeau en Chocolat|Consommable|1
Peluche en Chocolat|Consommable|1
Racines de Jean Gimbre|Consommable|1
Étiquette à remplir|Consommable|1
Potion d'Amélioration de Mékrabe|Consommable|1
Potion d'Amélioration de Ploup|Consommable|1
Krokillage Jaune|Consommable|1
Lire une carte|Consommable|1
Pied de nez|Consommable|1
Sukette à la Prune|Consommable|1
Encourager|Consommable|1
Barre Rabmarac au Citron|Consommable|1
Bouboule de Neige en Sucre Glace|Consommable|1
Écrire|Consommable|1
Potion d'Amélioration de Toukancre|Consommable|1
Potion de changement de blason d'alliance|Consommable|1
Fée d'artifice Champouf|Consommable|1
Fée d'artifice Fleurie|Consommable|1
Cawotte pouwwite|Consommable|1
Ola|Consommable|1
Localiser un portail|Consommable|1
Voile Eidolonique de Trésantène|Consommable|1
Voile Eidolonique de Père Phorreur|Consommable|1
Se frapper le front|Consommable|1
Voile Eidolonique d'Eperfide|Consommable|1
Potion d'Amélioration de Homlett|Consommable|1
Potion d'Amélioration de Tatouf|Consommable|1
Danse|Consommable|1
Potion d'Amélioration de Blokus|Consommable|1
Vaporeux|Consommable|1
Sachet de Cendres Éternelles|Consommable|1
Sachet de Cerises|Consommable|1
Sachet de Citrons|Consommable|1
Sachet de Haricots|Consommable|1
Sachet de Résine|Consommable|1
Bière de la Misère|Consommable|1
Potion d'Amélioration de Brâkarien|Consommable|1
S'abriter sous un parasol|Consommable|1
Éthylique|Consommable|1
Chanceux|Consommable|1
Sanguinolent|Consommable|1
Bienfaisant|Consommable|1
Psychotique|Consommable|1
Diplôme de R'lyugluglu|Consommable|1
Coup fatal Grougaloragran|Consommable|1
Coup fatal Otomaï|Consommable|1
Potion d'Amélioration de Pholaine|Consommable|1
Potion d'Amélioration de Phorrilax|Consommable|1
Bière de Gisgoul|Consommable|1
Potion d'Amélioration de Tofu Charmant|Consommable|1
Potion d'Amélioration de Tofu Bontarien|Consommable|1
Potion d'Amélioration de Boune Mesuré|Consommable|1
Potion d'Amélioration de Boune Brâkmarien|Consommable|1
Potion d'Amélioration de Bounax|Consommable|1
Champignon Géant Comestible|Consommable|1
Potion d'Amélioration de La Chose|Consommable|1
Potion d'Amélioration de Bouflux|Consommable|1
Potion d'Amélioration de Godron Charmant|Consommable|1
Potion d'Amélioration de Godron Bontarien|Consommable|1
Potion d'Amélioration de Dragnir|Consommable|1
Diplôme de la Classe Incarnée 648|Consommable|1
Coup Fatal Féca|Consommable|1
Supporter Out of Control S2|Consommable|1
Diplôme de Guerrier de l'hiver 648|Consommable|1
Morve Subite|Consommable|1
Dragosaure|Consommable|1
Rune vers le Cimetières des mastodontes|Consommable|1
Mouchoir parfumé|Consommable|1
Déguisement de Cauchemarakne|Consommable|1
Sac de l’Agence Touriste|Consommable|1
Sac du Garde Royal|Consommable|1
Sac de Ronces|Consommable|1
Sac de la Crypte|Consommable|1
Sac Laineux|Consommable|1
Potion d'attitude Dragombre|Consommable|1
Koukawa Citron|Consommable|1
Koukawabi Pomme Prune|Consommable|1
Koukawabi Prune Citron|Consommable|1
Koukawa|Consommable|1
Perlequin Acidulé|Consommable|1
Perlequin Orange|Consommable|1
Perlequin Praline|Consommable|1
Perlequin Prune|Consommable|1
Potion d'attitude Enragé|Consommable|1
Potion d'attitude Téméraire|Consommable|1
Potion d'attitude Manolias|Consommable|1
Potion d'attitude Éthylique|Consommable|1
Potion d'attitude Zombique|Consommable|1
Potion d'attitude Colère de Bolgrot|Consommable|1
Potion d'attitude Richissime|Consommable|1
Potion d'attitude Sylvestre|Consommable|1
Potion d'attitude Intemporel|Consommable|1
Selfie|Consommable|1
Signe du Shushu|Consommable|1
Crocabulia|Consommable|1
Potion de Veine de Krikor Nardine|Consommable|1
Diplôme de Maitre de guerre|Consommable|1
Carbonade flamande|Consommable|1
Flamiche au maroilles|Consommable|1
Moules-frites|Consommable|1
Popoche de Havre-Sac Ankama|Consommable|1
Boisson givrée|Consommable|1
Boisson angélique|Consommable|1
Rêver|Consommable|1
Diplôme de Souffleur de bougies|Consommable|1
Ankarton|Consommable|1
Popoche de Havre-Sac Amakna|Consommable|1
Popoche de Havre-Sac Champs|Consommable|1
Popoche de Havre-Sac Printemps|Consommable|1
Popoche de Havre-Sac Spectacle|Consommable|1
Popoche de Havre-Sac Stade Bontarien|Consommable|1
Popoche de Havre-Sac Triton|Consommable|1
Ornement de Guerre|Consommable|1
Ornement de Corruption|Consommable|1
Dernier Espoir|Consommable|1
Diplôme de Fabophile 650|Consommable|1
Diplôme de Parchomancie|Consommable|1
Ballon jaune de Shariva|Consommable|1
Sharivarise Indigo|Consommable|1
Voile tumultueux du martyr|Consommable|1
Umeshushu|Consommable|1
Alcool à 99%|Consommable|1
Kirim éventée|Consommable|1
Sac du Roas'Inge|Consommable|1
Mots obscurs|Consommable|1
Bière Kiroul|Consommable|1
Parchemin Blanc|Consommable|1
Parchemin de Forgeron|Consommable|1
Parchemin de Sort Flamiche|Consommable|1
Grand Parchemin d'Agilité|Consommable|1
Parchemin de Sagesse|Consommable|1
Petit Parchemin de Vitalité|Consommable|1
Puissant Parchemin de Vitalité|Consommable|1
Parchemin d'Intelligence|Consommable|1
Grand Parchemin d'Intelligence|Consommable|1
Parchemin de Boulanger|Consommable|1
Rune de Transport|Consommable|1
Bière de la Tabasse|Consommable|1
Bière du Ferayeur|Consommable|1
Bonbon de Consolation|Consommable|1
Cône Wayal|Consommable|1
Glace Bontarienne|Consommable|1
Sucette Trool|Consommable|1
Boules du Minotoboule|Consommable|1
Panduff|Consommable|1
Bière du Ripate|Consommable|1
Abreuvoir en Châtaignier|Consommable|1
Abreuvoir en Noyer|Consommable|1
Abreuvoir en Merisier|Consommable|1
Mangeoire en Châtaignier|Consommable|1
Caresseur en Plume de Tofu|Consommable|1
Baffeur Classique|Consommable|1
Baffeur en Chêne|Consommable|1
Dragofesse en Cuir de Boufton Noir|Consommable|1
Abreuvoir en Bois Ancestral|Consommable|1
Abreuvoir en Bois de Kokoko|Consommable|1
Mangeoire en Bois Ancestral|Consommable|1
Mangeoire en Bois de Kokoko|Consommable|1
Dragofesse en Cuir de Dragon Cochon|Consommable|1
Dragofesse en Cuir de Minotoror|Consommable|1
Caresseur en Plume de Piou Rose|Consommable|1
Caresseur en Plume de Kwak de Flamme|Consommable|1
Caresseur en Plume Pointue de Kwak|Consommable|1
Baffeur en Bois Ancestral|Consommable|1
Baffeur en Bambou Magique|Consommable|1
Baffeur en Bois de Bambouto|Consommable|1
Foudroyeur en If|Consommable|1
Foudroyeur en Érable|Consommable|1
Foudroyeur en Bois Ancestral|Consommable|1
Bonbon Energétique|Consommable|1
Ballon Jaune Magique|Consommable|1
Ballon Bleu Magique|Consommable|1
Bourse de 5000 Kamas|Consommable|1
Fée d'artifice invocatrice de cœurs|Consommable|1
Shigekax Indigo|Consommable|1
Parchemin de Forgeur de Marteaux|Consommable|1
Parchemin de Forgemage de Marteaux|Consommable|1
Parchemin de Sculptemage de Baguettes|Consommable|1
Parchemin de Poissonnier|Consommable|1
Potion d'Amélioration de Bworky|Consommable|1
Potion d'Amélioration de Willy le Relou|Consommable|1
Potion d'Amélioration de Gelutin|Consommable|1
Potion d'Amélioration de Chercheur d'Ogrines|Consommable|1
Monstre Pain|Consommable|1
Cervelle de larve|Consommable|1
Fée d'artifice festive|Consommable|1
Potion d'Amélioration de Tifoux Tigré|Consommable|1
Potion d'Amélioration de Chienchien Tigré|Consommable|1
Trésor maudit d'Az le Tech|Consommable|1
Bonbon à la Menthe du Petit Apprenti|Consommable|1
Potion d'Amélioration de Kanigloups|Consommable|1
Potion d'Amélioration de Bulbisou|Consommable|1
Potion d'Amélioration de Blérodoudou|Consommable|1
Paire de skis glissants jetables|Consommable|1
Paire de skis sombres jetables|Consommable|1
Paire de skis souples jetables|Consommable|1
Bûche de Nowel rassie|Consommable|1
Bonbon de Nowel|Consommable|1
Sylvestre|Consommable|1
Criminel|Consommable|1
Saluer|Consommable|1
Pleurer|Consommable|1
Jouer de la trompette|Consommable|1
Jouer de la flûte|Consommable|1
Faire un signe de la main|Consommable|1
Faire un bisou|Consommable|1
Trace de pneu|Consommable|1
Coquetel Enséfal|Consommable|1
Coquetel Lurique|Consommable|1
Rations de Survie en Milieu Touristique|Consommable|1
Yiti des Neiges en Sucre Glace|Consommable|1
Fée Érie de Nowel|Consommable|1
Potion d'Amélioration de Scarakiri|Consommable|1
Potion d'Amélioration de Rauleur|Consommable|1
Fée d'artifice verte de Pwâk|Consommable|1
Fée d'artifice rouge de Pwâk|Consommable|1
Krokillage Rouge|Consommable|1
Potion de renommage de guilde|Consommable|1
Piou|Consommable|1
Pochette-Surprise|Consommable|1
Pyrofuego|Consommable|1
Potion de renommage d'alliance|Consommable|1
Fée d'artifice Invocatrice de Moucherons|Consommable|1
Fée d'artifice de Kamas|Consommable|1
Potion de Grobid|Consommable|1
Ouvrir un portail de poche|Consommable|1
Loupe|Consommable|1
Potion d'Amélioration de Snouffle|Consommable|1
Voile Eidolonique de Tromblion|Consommable|1
Phalange de Sram|Consommable|1
Explosif|Consommable|1
Voile Eidolonique de Farfacette|Consommable|1
Voile Eidolonique de Vindeux|Consommable|1
Kamarena|Consommable|1
Montre en retard|Consommable|1
Potion d'Amélioration d'Eliôme|Consommable|1
Bouillon de Chair|Consommable|1
Sachet de Sel|Consommable|1
Tonneau de Sang de Scorbute|Consommable|1
Émoticônes Chacha|Consommable|1
Émoticônes Chienchien|Consommable|1
Émoticônes Bilby|Consommable|1
Potion d'Amélioration de Minikrone|Consommable|1
Émoticônes Joris|Consommable|1
Potion d'amélioration de Dragoune|Consommable|1
Potion d'Amélioration de Tirubim|Consommable|1
Potion d'Amélioration de Glub|Consommable|1
Bière de la Foire|Consommable|1
Coup fatal Goultard|Consommable|1
Bière cacterre|Consommable|1
Diplôme d'Allié émérite|Consommable|1
Diplôme de Vainqueur de la Dofus Cup|Consommable|1
Potion d'Amélioration de Tofu Mesuré|Consommable|1
Potion d'Amélioration de Tofu Ventru|Consommable|1
Potion d'Amélioration de Tofu Poisseux|Consommable|1
Potion d'Amélioration de Tofu Brâkmarien|Consommable|1
Potion d'Amélioration de Chacha Brâkmarien|Consommable|1
Potion d'Amélioration de Boune Ventru|Consommable|1
Potion d'Amélioration de Tofureur|Consommable|1
Gladiateur|Consommable|1
. . . . .|Consommable|1
Potion d'Amélioration de Godron Mesuré|Consommable|1
Potion d'Amélioration de Godron Brâkmarien|Consommable|1
Coup Fatal Eniripsa|Consommable|1
Coup Fatal Crâ|Consommable|1
Coup Fatal Osamodas|Consommable|1
Coup Fatal Pandawa|Consommable|1
Supporter GamersOrigin S2|Consommable|1
Supporter GamersOrigin S3|Consommable|1
Supporter OV S3|Consommable|1
Krièk|Consommable|1
Rune vers le Mégalithe de Fraktale|Consommable|1
Rune vers la Canopée du Kimbo|Consommable|1
Rune vers le Donjon du Comte Harebourg|Consommable|1
Déguisement de Dévhorreur|Consommable|1
Déguisement de Lanverne|Consommable|1
Déguisement de Tofu d'Halouine|Consommable|1
Sac du Kouin-Kouin noir|Consommable|1
Sac de Lolita|Consommable|1
Sac Divin|Consommable|1
Sac Colorivant|Consommable|1
Diplôme de la Classe Incarnée 649|Consommable|1
Dragombre|Consommable|1
Diplôme des douze travaux d'Hyrkul|Consommable|1
Koukawa Prune|Consommable|1
Koukawabi Prune Fraise|Consommable|1
Koukawabi Pomme Citron|Consommable|1
J'ai trop mangé|Consommable|1
Insigne de garde de Pwâk|Consommable|1
Friandise Wadnozéam|Consommable|1
Friandise Kwakao|Consommable|1
Friandise Pralicienne|Consommable|1
Perlequin Banane|Consommable|1
Perlequin Caramel|Consommable|1
Perlequin Poire|Consommable|1
Potion d'attitude Bienfaisant|Consommable|1
Potion d'attitude Transcendant|Consommable|1
Potion d'attitude S'abriter sous un parasol|Consommable|1
Potion d'attitude Ola|Consommable|1
Potion d'attitude Trompette|Consommable|1
Diplôme de Métalleux|Consommable|1
Perlequin Pastèque|Consommable|1
Perlequin Mangue|Consommable|1
Sachet de Supers bonbons du Sage|Consommable|1
Sachet de Supers bonbons du Prospecteur|Consommable|1
Popoche de Havre-Sac Bateau des Forbans|Consommable|1
Popoche de Havre-Sac Crypte|Consommable|1
Popoche de Havre-Sac Fanfon|Consommable|1
Popoche de Havre-Sac Fin Patraque|Consommable|1
Popoche de Havre-Sac Kerubim|Consommable|1
Popoche de Havre-Sac Moon|Consommable|1
Popoche de Havre-Sac Nowel|Consommable|1
Popoche de Havre-Sac Sidimote|Consommable|1
Popoche de Havre-Sac Stade Brâkmarien|Consommable|1
Popoche de Havre-Sac Wabbit|Consommable|1
Ornement de Servitude|Consommable|1
Sharivarise Coco|Consommable|1
Voile tumultueux du nikiril|Consommable|1
Voile tumultueux du mulou garou|Consommable|1
Pandazahi|Consommable|1
Diplôme spirituel|Consommable|1
Grobinouze|Consommable|1
Dernière pour la route|Consommable|1
Samouraï|Consommable|1
Mots éclairés|Consommable|1
Diplôme de Poète|Consommable|1
Pizwa|Consommable|1
Diplôme de Confinuum Exodus|Consommable|1
Origami|Consommable|1
Diplôme de l'Épi fané 651|Consommable|1
Parchemin de Sculpteur de bâtons|Consommable|1
Parchemin de Sort Foudroiement|Consommable|1
Petit Parchemin d'Agilité|Consommable|1
Petit Parchemin de Sagesse|Consommable|1
Petit Parchemin de Chance|Consommable|1
Shigekax Fraise|Consommable|1
Bière du Pinchaut|Consommable|1
Petite Fée d'Artifice Rouge|Consommable|1
Sucette Tofu|Consommable|1
Hot Dog de Tofu|Consommable|1
Burger de Trool|Consommable|1
Lailait|Consommable|1
Pandapils|Consommable|1
Panduvel|Consommable|1
Pandarium Tremens|Consommable|1
Mangeoire Classique|Consommable|1
Mangeoire en Charme|Consommable|1
Caresseur Classique|Consommable|1
Abreuvoir en Bambou Magique|Consommable|1
Mangeoire en Bois de Bambouto Sacré|Consommable|1
Dragofesse en Cuir de Gargrouille|Consommable|1
Dragofesse en Cuir de Cochon de Lait|Consommable|1
Baffeur en Ébène|Consommable|1
Baffeur en Noyer|Consommable|1
Baffeur en Bois Envoûté|Consommable|1
Baffeur en Bois de Tronknyde|Consommable|1
Baffeur en Bois de Kokoko|Consommable|1
Foudroyeur en Chêne|Consommable|1
Foudroyeur en Bois de Bambouto Sacré|Consommable|1
Bière de Bwork|Consommable|1
Œuf de piou|Consommable|1
Shigekax Poire|Consommable|1
Shigekax Vanille|Consommable|1
Shigekax Praline|Consommable|1
Parchemin de Forgemage|Consommable|1
Parchemin de Forgemage de Pelles|Consommable|1
Parchemin de Tailleur|Consommable|1
Parchemin de Paysan|Consommable|1
Parchemin de Pêcheur|Consommable|1
Parchemin de Sort Apprivoisement de monture|Consommable|1
Parchemin de Sort Boomerang perfide|Consommable|1
Parchemin des Flaqueux|Consommable|1
Potion d'Amélioration de Bébé Pandawa|Consommable|1
Potion d'Amélioration de Chacha|Consommable|1
Potion d'Amélioration de Crocodaille|Consommable|1
Potion d'Amélioration de Fëanor|Consommable|1
Potion d'Amélioration de Koalak Sanguin|Consommable|1
Potion d'Amélioration de Petit Chienchien Noir|Consommable|1
Potion d'Amélioration de Vilain Petit Corbac|Consommable|1
Potion d'Amélioration de Wabbit|Consommable|1
Potion d'Amélioration de Marcassin|Consommable|1
Potion d'Amélioration de Bouloute du Parrain|Consommable|1
Monstre Pain consommable|Consommable|1
Potion d'Amélioration de Pykur|Consommable|1
Potion d'Amélioration de Kouin-Kouin Noir|Consommable|1
Friswein|Consommable|1
Frigrowka|Consommable|1
Potion d'Amélioration de Cromeugnon|Consommable|1
Potion d'Amélioration de Médugivre|Consommable|1
Potion d'Amélioration d'Ecumouth|Consommable|1
Paire de skis rustiques jetables|Consommable|1
Potion d'Amélioration de Platypus|Consommable|1
Potion d'Amélioration de Serpète|Consommable|1
Téméraire|Consommable|1
Être Frigorifié|Consommable|1
Joie|Consommable|1
Lever le pouce|Consommable|1
Bâiller|Consommable|1
Faire coucou|Consommable|1
Pique-nique Vulkain|Consommable|1
Soupe au Plimok|Consommable|1
Mini Nuit' en Sucre Glace|Consommable|1
Potion d'Amélioration de Hurledent|Consommable|1
Potion d'Amélioration de Tofu Givré|Consommable|1
Potion d'Amélioration de Sourisette|Consommable|1
Fée d'artifice blanche de Pwâk|Consommable|1
Fée d'artifice jaune de Pwâk|Consommable|1
Coquetel Éportation|Consommable|1
Poing levé|Consommable|1
Motus|Consommable|1
Bonbon d'Halouine|Consommable|1
Gumizes|Consommable|1
Halouine|Consommable|1
Barre Rabmarac à l'Orange|Consommable|1
Monstre Brioche de Nowel|Consommable|1
Perle d'Âme|Consommable|1
Bouf'gomme au Goût Sauvage|Consommable|1
Bouf'gomme Fraîcheur Lavande|Consommable|1
Longue-Vue|Consommable|1
Fée d'artifice Invocatrice de Boufton Noir|Consommable|1
Fée d'artifice Invocatrice de Boufton Blanc|Consommable|1
Fée d'artifice Etoilée|Consommable|1
Fée d'artifice Glandiose|Consommable|1
Offrir un Gâteau|Consommable|1
Huer|Consommable|1
Cracheur de feu|Consommable|1
Mains derrière le dos|Consommable|1
Voile Eidolonique de Kamasterisk|Consommable|1
Potion d'Amélioration de Drakopin|Consommable|1
Transcendant|Consommable|1
Colère de Bolgrot|Consommable|1
Tonneau de Jus Goûtu|Consommable|1
Sachet de Feuilles de Salace|Consommable|1
Sachet de Graisse Gélatineuse|Consommable|1
Sachet d'Oignons|Consommable|1
Sachet de Poudre de Perlinpainpain|Consommable|1
Bière Atolmond|Consommable|1
Duelliste|Consommable|1
Potion d'amélioration de Croum|Consommable|1
Potion d'Amélioration d'Abra Kadabra|Consommable|1
Potion d'Amélioration de Kougnard|Consommable|1
Diplôme des Trithons|Consommable|1
Gonfler un ballon|Consommable|1
Coucou|Consommable|1
Potion d'Amélioration de Cube|Consommable|1
Coup fatal Joris|Consommable|1
Potion d'Amélioration de Phorrakna|Consommable|1
Bière du désert|Consommable|1
Potion d'Amélioration de Dauge|Consommable|1
Guilde victorieuse|Consommable|1
Coupe Dofus|Consommable|1
Breuvage d'Erazal|Consommable|1
Potion d'Amélioration de Chacharge|Consommable|1
Potion d'Amélioration de Chacha Mesuré|Consommable|1
Potion d'Amélioration de Kougnard Albâtre|Consommable|1
Magmatique|Consommable|1
Zombique|Consommable|1
Potion d'Amélioration de Godron Ventru|Consommable|1
Diplôme de Miss/Mister Monde des Douze 648|Consommable|1
Coup Fatal Rushu|Consommable|1
Coup Fatal Ecaflip|Consommable|1
Supporter Millenium S2|Consommable|1
Chauffe|Consommable|1
Supporter Batailleurs Glorieux S3|Consommable|1
Rune vers la Cache de Kankreblath|Consommable|1
Rune vers l'Atelier du Tanukouï San|Consommable|1
Rune vers la Grotte du Bworker|Consommable|1
Déguisement de Champêtrouille|Consommable|1
Déguisement de Chauffe-Soutrille|Consommable|1
Déguisement de Bouftou d'Halouine|Consommable|1
Sac Printanier|Consommable|1
Sac Balnéaire|Consommable|1
Sac de Magma|Consommable|1
Sac Zombique|Consommable|1
Potion d'Ombre Astrale|Consommable|1
Bourse de reflets oniriques|Consommable|1
Larme de crocodaille|Consommable|1
Coffre de reflets oubliés|Consommable|1
Koukawa Pomme|Consommable|1
Koukawabi Fraise Citron|Consommable|1
Koukawabi Pomme Fraise|Consommable|1
Diplôme de Wa d'un jour|Consommable|1
Diplôme de l'Épi fané|Consommable|1
J'ai faim|Consommable|1
Saut de Wapin|Consommable|1
Coeur brisé|Consommable|1
Diplôme de Vainqueur de la Dofus Cup 649|Consommable|1
Perlequin Chocolat|Consommable|1
Perlequin Melon|Consommable|1
Perlequin Pomme|Consommable|1
Perlequin Vanille|Consommable|1
Potion d'attitude Sanguinolent|Consommable|1
Potion d'attitude Écrire|Consommable|1
Potion d'attitude Chanceux|Consommable|1
Potion d'attitude Explosif|Consommable|1
Chanter|Consommable|1
Diplôme de Guitariste survolté|Consommable|1
Potion d'expérience|Consommable|1
Bière d'Ankama|Consommable|1
Gaufres|Consommable|1
Boisson épicée|Consommable|1
Boisson sombre|Consommable|1
Diplôme de Vide-ordures|Consommable|1
Sauvage|Consommable|1
Macarose de Djony Hadixpé|Consommable|1
Popoche de Havre-Sac Anomalie Temporelle|Consommable|1
Popoche de Havre-Sac Casino|Consommable|1
Popoche de Havre-Sac Coqueline|Consommable|1
Popoche de Havre-Sac Harebourg|Consommable|1
Popoche de Havre-Sac Hiver|Consommable|1
Popoche de Havre-Sac Taverne|Consommable|1
Popoche de Havre-Sac Été|Consommable|1
Rune vers l'Antre du Dragon Cochon|Consommable|1
Diplôme de l'Épi fané 650|Consommable|1
Balai magique|Consommable|1
Diplôme de maîtrise des parchemins|Consommable|1
Ballon rouge de Shariva|Consommable|1
Sharivarise Pomme|Consommable|1
Sharivarise Reinette|Consommable|1
Sharivarise Griotte|Consommable|1
Diplôme de Prophète Éphémère|Consommable|1
Pandaporo|Consommable|1
Diplôme de Guerrier saisonnier 650|Consommable|1
Limo d'Grobe|Consommable|1
Bière Tsingtawo|Consommable|1
