Level up 2|Level up|2
Level up 3|Level up|3
Level up 4|Level up|4
Level up 5|Level up|5
Level up 6|Level up|6
Level up 7|Level up|7
Level up 8|Level up|8
Level up 9|Level up|9
Level up 10|Level up|10
Level up 11|Level up|11
Level up 12|Level up|12
Level up 13|Level up|13
Level up 14|Level up|14
Level up 15|Level up|15
Level up 16|Level up|16
Level up 17|Level up|17
Level up 18|Level up|18
Level up 19|Level up|19
Level up 20|Level up|20
Level up 21|Level up|21
Level up 22|Level up|22
Level up 23|Level up|23
Level up 24|Level up|24
Level up 25|Level up|25
Level up 26|Level up|26
Level up 27|Level up|27
Level up 28|Level up|28
Level up 29|Level up|29
Level up 30|Level up|30
Level up 31|Level up|31
Level up 32|Level up|32
Level up 33|Level up|33
Level up 34|Level up|34
Level up 35|Level up|35
Level up 36|Level up|36
Level up 37|Level up|37
Level up 38|Level up|38
Level up 39|Level up|39
Level up 40|Level up|40
Level up 41|Level up|41
Level up 42|Level up|42
Level up 43|Level up|43
Level up 44|Level up|44
Level up 45|Level up|45
Level up 46|Level up|46
Level up 47|Level up|47
Level up 48|Level up|48
Level up 49|Level up|49
Level up 50|Level up|50
Level up 51|Level up|51
Level up 52|Level up|52
Level up 53|Level up|53
Level up 54|Level up|54
Level up 55|Level up|55
Level up 56|Level up|56
Level up 57|Level up|57
Level up 58|Level up|58
Level up 59|Level up|59
Level up 60|Level up|60
Level up 61|Level up|61
Level up 62|Level up|62
Level up 63|Level up|63
Level up 64|Level up|64
Level up 65|Level up|65
Level up 66|Level up|66
Level up 67|Level up|67
Level up 68|Level up|68
Level up 69|Level up|69
Level up 70|Level up|70
Level up 71|Level up|71
Level up 72|Level up|72
Level up 73|Level up|73
Level up 74|Level up|74
Level up 75|Level up|75
Level up 76|Level up|76
Level up 77|Level up|77
Level up 78|Level up|78
Level up 79|Level up|79
Level up 80|Level up|80
Level up 81|Level up|81
Level up 82|Level up|82
Level up 83|Level up|83
Level up 84|Level up|84
Level up 85|Level up|85
Level up 86|Level up|86
Level up 87|Level up|87
Level up 88|Level up|88
Level up 89|Level up|89
Level up 90|Level up|90
Level up 91|Level up|91
Level up 92|Level up|92
Level up 93|Level up|93
Level up 94|Level up|94
Level up 95|Level up|95
Level up 96|Level up|96
Level up 97|Level up|97
Level up 98|Level up|98
Level up 99|Level up|99
Level up 100|Level up|100
Level up 101|Level up|101
Level up 102|Level up|102
Level up 103|Level up|103
Level up 104|Level up|104
Level up 105|Level up|105
Level up 106|Level up|106
Level up 107|Level up|107
Level up 108|Level up|108
Level up 109|Level up|109
Level up 110|Level up|110
Level up 111|Level up|111
Level up 112|Level up|112
Level up 113|Level up|113
Level up 114|Level up|114
Level up 115|Level up|115
Level up 116|Level up|116
Level up 117|Level up|117
Level up 118|Level up|118
Level up 119|Level up|119
Level up 120|Level up|120
Level up 121|Level up|121
Level up 122|Level up|122
Level up 123|Level up|123
Level up 124|Level up|124
Level up 125|Level up|125
Level up 126|Level up|126
Level up 127|Level up|127
Level up 128|Level up|128
Level up 129|Level up|129
Level up 130|Level up|130
Level up 131|Level up|131
Level up 132|Level up|132
Level up 133|Level up|133
Level up 134|Level up|134
Level up 135|Level up|135
Level up 136|Level up|136
Level up 137|Level up|137
Level up 138|Level up|138
Level up 139|Level up|139
Level up 140|Level up|140
Level up 141|Level up|141
Level up 142|Level up|142
Level up 143|Level up|143
Level up 144|Level up|144
Level up 145|Level up|145
Level up 146|Level up|146
Level up 147|Level up|147
Level up 148|Level up|148
Level up 149|Level up|149
Level up 150|Level up|150
Level up 151|Level up|151
Level up 152|Level up|152
Level up 153|Level up|153
Level up 154|Level up|154
Level up 155|Level up|155
Level up 156|Level up|156
Level up 157|Level up|157
Level up 158|Level up|158
Level up 159|Level up|159
Level up 160|Level up|160
Level up 161|Level up|161
Level up 162|Level up|162
Level up 163|Level up|163
Level up 164|Level up|164
Level up 165|Level up|165
Level up 166|Level up|166
Level up 167|Level up|167
Level up 168|Level up|168
Level up 169|Level up|169
Level up 170|Level up|170
Level up 171|Level up|171
Level up 172|Level up|172
Level up 173|Level up|173
Level up 174|Level up|174
Level up 175|Level up|175
Level up 176|Level up|176
Level up 177|Level up|177
Level up 178|Level up|178
Level up 179|Level up|179
Level up 180|Level up|180
Level up 181|Level up|181
Level up 182|Level up|182
Level up 183|Level up|183
Level up 184|Level up|184
Level up 185|Level up|185
Level up 186|Level up|186
Level up 187|Level up|187
Level up 188|Level up|188
Level up 189|Level up|189
Level up 190|Level up|190
Level up 191|Level up|191
Level up 192|Level up|192
Level up 193|Level up|193
Level up 194|Level up|194
Level up 195|Level up|195
Level up 196|Level up|196
Level up 197|Level up|197
Level up 198|Level up|198
Level up 199|Level up|199
Level up 200|Level up|200
